Workbook

Sheet Planilha1
A6: Na Midola FC
A7: Shoji
A8: 46367
A9: -90.06
A10: -
A11: 0.00
A12: -1º
A18: AvantiPalestraFC
A19: Tiago Matias Dias
A20: 46367
A21: -82.25
A22: -
A23: 0.00
A24: -2º
A30: Real Rattaria FC
A31: Gabriel Ratto
A32: 46367
A33: -73.96
A34: -
A35: 0.00
A36: -3º
A42: Lanterninha Futebol Clube
A43: Robson Taglia
A44: 46366
A45: -73.45
A46: -
A47: 0.00
A48: -4º
A54: Borussia do Jaguaré
A55: Rogério Lagos
A56: 46368
A57: -72.35
A58: -
A59: 0.00
A60: -5º
A66: Luket Wanderes fc
A67: Lucas Silva Vieira
A68: 46367
A69: -68.36
A70: -
A71: 0.00
A72: -6º
A78: Mitinga`s F.C
A79: Marcel Cantalego
A80: 46368
A81: -67.66
A82: -
A83: 0.00
A84: -7º
A90: FUCKER AND SUCKER FC
A91: Veron
A92: 46365
A93: -67.50
A94: -
A95: 0.00
A96: -8º
A102: CRPELUSO
A103: Claudio R Peluso
A104: 46367
A105: -67.26
A106: -
A107: 0.00
A108: -9º
A114: Massiminismo FC
A115: Lucas Massimini
A116: 46367
A117: -64.76
A118: -
A119: 0.00
A120: -10º
A126: Wedgol
A127: Wedson da Silva
A128: 46365
A129: -64.20
A130: -
A131: 0.00
A132: -11º
A138: GEJA
A139: Wedgol
A140: 46366
A141: -63.10
A142: -
A143: 0.00
A144: -12º
A150: PALM£IRAS S.E.P.
A151: Diego Longo
A152: 46367
A153: -62.36
A154: -
A155: 0.00
A156: -13º
A162: CamisaNegra FC
A163: Lissão
A164: 46368
A165: -60.76
A166: -
A167: 0.00
A168: -14º
A174: A D Peaky Blinders
A175: Carlos Rosseti
...

Sheet Planilha4
A1: A | B1: B
A2: Na Midola FC | B2: 1
A3: Shoji | B3: 2
A4: 46367 | B4: 3
A5: -90.06 | B5: 4
A6: - | B6: 5
A7: 0.00 | B7: 6
A8: -1º | B8: 7
B9: 8
B10: 9
B11: 10
B12: 11
B13: 12
A14: AvantiPalestraFC | B14: 1
A15: Tiago Matias Dias | B15: 2
A16: 46367 | B16: 3
A17: -82.25 | B17: 4
A18: - | B18: 5
A19: 0.00 | B19: 6
A20: -2º | B20: 7
B21: 8
B22: 9
B23: 10
B24: 11
B25: 12
A26: Real Rattaria FC | B26: 1
A27: Gabriel Ratto | B27: 2
A28: 46367 | B28: 3
A29: -73.96 | B29: 4
A30: - | B30: 5
A31: 0.00 | B31: 6
A32: -3º | B32: 7
B33: 8
B34: 9
B35: 10
B36: 11
B37: 12
A38: Lanterninha Futebol Clube | B38: 1
A39: Robson Taglia | B39: 2
A40: 46366 | B40: 3
A41: -73.45 | B41: 4
A42: - | B42: 5
A43: 0.00 | B43: 6
A44: -4º | B44: 7
B45: 8
B46: 9
B47: 10
B48: 11
B49: 12
A50: Borussia do Jaguaré | B50: 1
A51: Rogério Lagos | B51: 2
A52: 46368 | B52: 3
A53: -72.35 | B53: 4
A54: - | B54: 5
A55: 0.00 | B55: 6
A56: -5º | B56: 7
B57: 8
B58: 9
B59: 10
B60: 11
B61: 12
A62: Luket Wanderes fc | B62: 1
A63: Lucas Silva Vieira | B63: 2
A64: 46367 | B64: 3
A65: -68.36 | B65: 4
A66: - | B66: 5
A67: 0.00 | B67: 6
A68: -6º | B68: 7
B69: 8
B70: 9
B71: 10
B72: 11
B73: 12
A74: Mitinga`s F.C | B74: 1
A75: Marcel Cantalego | B75: 2
A76: 46368 | B76: 3
A77: -67.66 | B77: 4
A78: - | B78: 5
A79: 0.00 | B79: 6
A80: -7º | B80: 7
B81: 8
B82: 9
B83: 10
B84: 11
B85: 12
A86: FUCKER AND SUCKER FC | B86: 1
A87: Veron | B87: 2
A88: 46365 | B88: 3
A89: -67.50 | B89: 4
A90: - | B90: 5
A91: 0.00 | B91: 6
A92: -8º | B92: 7
B93: 8
B94: 9
B95: 10
B96: 11
B97: 12
A98: CRPELUSO | B98: 1
A99: Claudio R Peluso | B99: 2
A100: 46367 | B100: 3
...

Sheet Planilha8
A2: CalazansTeam | K2: Bilao Sport Club
A3: ALYSON | K3: Gabriel Alencar
A4: 136.77 | K4: C$ 312.92
A5: 1º | K5: 1º
A6: Escalou | K6: Não Escalou
A7: Acessar o perfil do time LMD FC | K7: Acessar o perfil do time Evans Jr FC
A9: LMD FC | K9: Evans Jr FC
A10: Lucas Matias | K10: Evanil Junior
A11: 129.07 | K11: C$ 188.82
A12: 2º | K12: 2º
A13: Não Escalou | K13: Não Escalou
A14: Acessar o perfil do time GIGANTES MORUMBI F.C | K14: Acessar o perfil do time LMD FC
... A580: Não Escalou | K580: Não Escalou

Sheet Col Val
B1: c2 | E1: c2 | I1: c2 | L1: c2 | O1: c2 | R1: c2
A2: CalazansTeam | B2: 1 | D2: Bilao Sport Club | E2: 1 | H2: FOI O QUE SOBROU | I2: 1 | K2: Bilao Sport Club | L2: 1 | N2: SE Coringas do Piero | O2: 1 | Q2: Bilao Sport Club | R2: 1
A3: ALYSON | B3: 2 | D3: Gabriel Alencar | E3: 2 | H3: V. ÉDIPO | I3: 2 | K3: Gabriel Alencar | L3: 2 | N3: Enrico Piero | O3: 2 | Q3: Gabriel Alencar | R3: 2
A4: 136.77 | B4: 3 | D4: C$ 312.92 | E4: 3 | H4: 119.98 | I4: 3 | K4: C$ 319.41 | L4: 3 | N4: 117.54 | O4: 3 | Q4: C$ 325.83 | R4: 3
A5: 1º | B5: 4 | D5: 1º | E5: 4 | H5: 1º | I5: 4 | K5: 1º | L5: 4 | N5: 1º | O5: 4 | Q5: 1º | R5: 4
A6: Escalou | B6: 5 | D6: Não Escalou | E6: 5 | H6: Não Escalou | I6: 5 | K6: Não Escalou | L6: 5 | N6: Escalou | O6: 5 | Q6: Não Escalou | R6: 5
A7: Acessar o perfil do time LMD FC | B7: 6 | D7: Acessar o perfil do time Evans Jr FC | E7: 6 | H7: Acessar o perfil do time Abóbora Futebol C | I7: 6 | K7: Acessar o perfil do time AvantiPalestraFC | L7: 6 | N7: Acessar o perfil do time Gabirobense | O7: 6 | Q7: Acessar o perfil do time APELÕES FUTEBOL CLUB | R7: 6
B8: 7 | E8: 7 | I8: 7 | L8: 7 | O8: 7 | R8: 7
A9: LMD FC | B9: 1 | D9: Evans Jr FC | E9: 1 | H9: Abóbora Futebol C | I9: 1 | K9: AvantiPalestraFC | L9: 1 | N9: Gabirobense | O9: 1 | Q9: APELÕES FUTEBOL CLUB | R9: 1
A10: Lucas Matias | B10: 2 | D10: Evanil Junior | E10: 2 | H10: Wellyngton Remesso | I10: 2 | K10: Tiago Matias Dias | L10: 2 | N10: Cadé | O10: 2 | Q10: Greg Quirino | R10: 2
A11: 129.07 | B11: 3 | D11: C$ 188.82 | E11: 3 | H11: 114.96 | I11: 3 | K11: C$ 186.17 | L11: 3 | N11: 115.78 | O11: 3 | Q11: C$ 185.79 | R11: 3
A12: 2º | B12: 4 | D12: 2º | E12: 4 | H12: 2º | I12: 4 | K12: 2º | L12: 4 | N12: 2º | O12: 4 | Q12: 2º | R12: 4
A13: Não Escalou | B13: 5 | D13: Não Escalou | E13: 5 | H13: Não Escalou | I13: 5 | K13: Não Escalou | L13: 5 | N13: Não Escalou | O13: 5 | Q13: Não Escalou | R13: 5
A14: Acessar o perfil do time GIGANTES MORUMBI F.C | B14: 6 | D14: Acessar o perfil do time LMD FC | E14: 6 | H14: Acessar o perfil do time Sempre ForteF.C. | I14: 6 | K14: Acessar o perfil do time LMD FC | L14: 6 | N14: Acessar o perfil do time PALM£IRAS S.E.P. | O14: 6 | Q14: Acessar o perfil do time Bilao Sport FC | R14: 6
B15: 7 | E15: 7 | I15: 7 | L15: 7 | O15: 7 | R15: 7
A16: GIGANTES MORUMBI F.C | B16: 1 | D16: LMD FC | E16: 1 | H16: Sempre ForteF.C. | I16: 1 | K16: LMD FC | L16: 1 | N16: PALM£IRAS S.E.P. | O16: 1 | Q16: Bilao Sport FC | R16: 1
A17: Sergio Garcia | B17: 2 | D17: Lucas Matias | E17: 2 | H17: Jonathan Oliveira de | I17: 2 | K17: Lucas Matias | L17: 2 | N17: Diego Longo | O17: 2 | Q17: Gabriel Alencar | R17: 2
A18: 127.81 | B18: 3 | D18: C$ 181.80 | E18: 3 | H18: 111.28 | I18: 3 | K18: C$ 184.78 | L18: 3 | N18: 115.44 | O18: 3 | Q18: C$ 185.77 | R18: 3
A19: 3º | B19: 4 | D19: 3º | E19: 4 | H19: 3º | I19: 4 | K19: 3º | L19: 4 | N19: 3º | O19: 4 | Q19: 3º | R19: 4
A20: Escalou | B20: 5 | D20: Não Escalou | E20: 5 | H20: Não Escalou | I20: 5 | K20: Não Escalou | L20: 5 | N20: Escalou | O20: 5 | Q20: Não Escalou | R20: 5
A21: Acessar o perfil do time PALM£IRAS S.E.P. | B21: 6 | D21: Acessar o perfil do time AvantiPalestraFC | E21: 6 | H21: Acessar o perfil do time Mitinga`s F.C | I21: 6 | K21: Acessar o perfil do time Bilao Sport FC | L21: 6 | N21: Acessar o perfil do time HPano FC | O21: 6 | Q21: Acessar o perfil do time LMD FC | R21: 6
B22: 7 | E22: 7 | I22: 7 | L22: 7 | O22: 7 | R22: 7
A23: PALM£IRAS S.E.P. | B23: 1 | D23: AvantiPalestraFC | E23: 1 | H23: Mitinga`s F.C | I23: 1 | K23: Bilao Sport FC | L23: 1 | N23: HPano FC | O23: 1 | Q23: LMD FC | R23: 1
A24: Diego Longo | B24: 2 | D24: Tiago Matias Dias | E24: 2 | H24: Marcel Cantalego | I24: 2 | K24: Gabriel Alencar | L24: 2 | N24: Henrique Panobianco | O24: 2 | Q24: Lucas Matias | R24: 2
A25: 124.61 | B25: 3 | D25: C$ 181.07 | E25: 3 | H25: 106.98 | I25: 3 | K25: C$ 183.23 | L25: 3 | N25: 114.64 | O25: 3 | Q25: C$ 185.53 | R25: 3
A26: 4º | B26: 4 | D26: 4º | E26: 4 | H26: 4º | I26: 4 | K26: 4º | L26: 4 | N26: 4º | O26: 4 | Q26: 4º | R26: 4
A27: Escalou | B27: 5 | D27: Não Escalou | E27: 5 | H27: Não Escalou | I27: 5 | K27: Não Escalou | L27: 5 | N27: Não Escalou | O27: 5 | Q27: Não Escalou | R27: 5
A28: Acessar o perfil do time Di Levis F.S | B28: 6 | D28: Acessar o perfil do time APELÕES FUTEBOL CLUB | E28: 6 | H28: Acessar o perfil do time PALM£IRAS S.E.P. | I28: 6 | K28: Acessar o perfil do time APELÕES FUTEBOL CLUB | L28: 6 | N28: Acessar o perfil do time Andico F.C | O28: 6 | Q28: Acessar o perfil do time AvantiPalestraFC | R28: 6
B29: 7 | E29: 7 | I29: 7 | L29: 7 | O29: 7 | R29: 7
A30: Di Levis F.S | B30: 1 | D30: APELÕES FUTEBOL CLUB | E30: 1 | H30: PALM£IRAS S.E.P. | I30: 1 | K30: APELÕES FUTEBOL CLUB | L30: 1 | N30: Andico F.C | O30: 1 | Q30: AvantiPalestraFC | R30: 1
A31: Bruno de Oliveira | B31: 2 | D31: Greg Quirino | E31: 2 | H31: Diego Longo | I31: 2 | K31: Greg Quirino | L31: 2 | N31: Leandro Souza | O31: 2 | Q31: Tiago Matias Dias | R31: 2
A32: 124.52 | B32: 3 | D32: C$ 180.58 | E32: 3 | H32: 106.88 | I32: 3 | K32: C$ 183.14 | L32: 3 | N32: 110.18 | O32: 3 | Q32: C$ 183.98 | R32: 3
A33: 5º | B33: 4 | D33: 5º | E33: 4 | H33: 5º | I33: 4 | K33: 5º | L33: 4 | N33: 5º | O33: 4 | Q33: 5º | R33: 4
A34: Não Escalou | B34: 5 | D34: Não Escalou | E34: 5 | H34: Escalou | I34: 5 | K34: Não Escalou | L34: 5 | N34: Não Escalou | O34: 5 | Q34: Não Escalou | R34: 5
A35: Acessar o perfil do time Maletinhas F.C. | B35: 6 | D35: Acessar o perfil do time Bilao Sport FC | E35: 6 | H35: Acessar o perfil do time Wedgol | I35: 6 | K35: Acessar o perfil do time Evans Jr FC | L35: 6 | N35: Acessar o perfil do time Mosby | O35: 6 | Q35: Acessar o perfil do time Evans Jr FC | R35: 6
B36: 7 | E36: 7 | I36: 7 | L36: 7 | O36: 7 | R36: 7
A37: Maletinhas F.C. | B37: 1 | D37: Bilao Sport FC | E37: 1 | H37: Wedgol | I37: 1 | K37: Evans Jr FC | L37: 1 | N37: Mosby | O37: 1 | Q37: Evans Jr FC | R37: 1
A38: Ricardo | B38: 2 | D38: Gabriel Alencar | E38: 2 | H38: Wedson da Silva | I38: 2 | K38: Evanil Junior | L38: 2 | N38: Felipe Rossi | O38: 2 | Q38: Evanil Junior | R38: 2
A39: 124.51 | B39: 3 | D39: C$ 180.11 | E39: 3 | H39: 106.38 | I39: 3 | K39: C$ 180.56 | L39: 3 | N39: 108.31 | O39: 3 | Q39: C$ 182.19 | R39: 3
A40: 6º | B40: 4 | D40: 6º | E40: 4 | H40: 6º | I40: 4 | K40: 6º | L40: 4 | N40: 6º | O40: 4 | Q40: 6º | R40: 4
A41: Não Escalou | B41: 5 | D41: Escalou | E41: 5 | H41: Não Escalou | I41: 5 | K41: Não Escalou | L41: 5 | N41: Não Escalou | O41: 5 | Q41: Não Escalou | R41: 5
A42: Acessar o perfil do time Borussia do Jaguaré | B42: 6 | D42: Acessar o perfil do time Coxinha Prime | E42: 6 | H42: Acessar o perfil do time CalazansTeam | I42: 6 | K42: Acessar o perfil do time Coxinha Prime | L42: 6 | N42: Acessar o perfil do time Maletinhas F.C. | O42: 6 | Q42: Acessar o perfil do time Coxinha Prime | R42: 6
B43: 7 | E43: 7 | I43: 7 | L43: 7 | O43: 7 | R43: 7
A44: Borussia do Jaguaré | B44: 1 | D44: Coxinha Prime | E44: 1 | H44: CalazansTeam | I44: 1 | K44: Coxinha Prime | L44: 1 | N44: Maletinhas F.C. | O44: 1 | Q44: Coxinha Prime | R44: 1
A45: Rogério Lagos | B45: 2 | D45: Jhuan Pablo | E45: 2 | H45: ALYSON | I45: 2 | K45: Jhuan Pablo | L45: 2 | N45: Ricardo | O45: 2 | Q45: Jhuan Pablo | R45: 2
A46: 124.39 | B46: 3 | D46: C$ 176.49 | E46: 3 | H46: 105.38 | I46: 3 | K46: C$ 178.35 | L46: 3 | N46: 107.34 | O46: 3 | Q46: C$ 176.79 | R46: 3
A47: 7º | B47: 4 | D47: 7º | E47: 4 | H47: 7º | I47: 4 | K47: 7º | L47: 4 | N47: 7º | O47: 4 | Q47: 7º | R47: 4
A48: Não Escalou | B48: 5 | D48: Escalou | E48: 5 | H48: Não Escalou | I48: 5 | K48: Não Escalou | L48: 5 | N48: Não Escalou | O48: 5 | Q48: Escalou | R48: 5
A49: Acessar o perfil do time Luket Wanderes fc | B49: 6 | D49: Acessar o perfil do time Allejo Team F.C | E49: 6 | H49: Acessar o perfil do time AvantiPalestraFC | I49: 6 | K49: Acessar o perfil do time Allejo Team F.C | L49: 6 | N49: Acessar o perfil do time GEJA | O49: 6 | Q49: Acessar o perfil do time Metamoney F.C | R49: 6
B50: 7 | E50: 7 | I50: 7 | L50: 7 | O50: 7 | R50: 7
A51: Luket Wanderes fc | B51: 1 | D51: Allejo Team F.C | E51: 1 | H51: AvantiPalestraFC | I51: 1 | K51: Allejo Team F.C | L51: 1 | N51: GEJA | O51: 1 | Q51: Metamoney F.C | R51: 1
A52: Lucas Silva Vieira | B52: 2 | D52: Yuri Oliveira | E52: 2 | H52: Tiago Matias Dias | I52: 2 | K52: Yuri Oliveira | L52: 2 | N52: Wedgol | O52: 2 | Q52: Marcio Vieira | R52: 2
A53: 123.81 | B53: 3 | D53: C$ 175.00 | E53: 3 | H53: 105.08 | I53: 3 | K53: C$ 176.98 | L53: 3 | N53: 105.54 | O53: 3 | Q53: C$ 176.69 | R53: 3
A54: 8º | B54: 4 | D54: 8º | E54: 4 | H54: 8º | I54: 4 | K54: 8º | L54: 4 | N54: 8º | O54: 4 | Q54: 8º | R54: 4
A55: Não Escalou | B55: 5 | D55: Não Escalou | E55: 5 | H55: Não Escalou | I55: 5 | K55: Não Escalou | L55: 5 | N55: Escalou | O55: 5 | Q55: Escalou | R55: 5
A56: Acessar o perfil do time AvantiPalestraFC | B56: 6 | D56: Acessar o perfil do time Almi Jr. FC | E56: 6 | H56: Acessar o perfil do time J.V.Finhani | I56: 6 | K56: Acessar o perfil do time Metamoney F.C | L56: 6 | N56: Acessar o perfil do time Brabo Globetrotters | O56: 6 | Q56: Acessar o perfil do time Allejo Team F.C | R56: 6
B57: 7 | E57: 7 | I57: 7 | L57: 7 | O57: 7 | R57: 7
A58: AvantiPalestraFC | B58: 1 | D58: Almi Jr. FC | E58: 1 | H58: J.V.Finhani | I58: 1 | K58: Metamoney F.C | L58: 1 | N58: Brabo Globetrotters | O58: 1 | Q58: Allejo Team F.C | R58: 1
A59: Tiago Matias Dias | B59: 2 | D59: Almi Jr. | E59: 2 | H59: Jefferson Finhani | I59: 2 | K59: Marcio Vieira | L59: 2 | N59: Eduardo Brabo | O59: 2 | Q59: Yuri Oliveira | R59: 2
A60: 122.49 | B60: 3 | D60: C$ 172.57 | E60: 3 | H60: 104.99 | I60: 3 | K60: C$ 175.28 | L60: 3 | N60: 102.94 | O60: 3 | Q60: C$ 175.41 | R60: 3
A61: 9º | B61: 4 | D61: 9º | E61: 4 | H61: 9º | I61: 4 | K61: 9º | L61: 4 | N61: 9º | O61: 4 | Q61: 9º | R61: 4
A62: Não Escalou | B62: 5 | D62: Não Escalou | E62: 5 | H62: Não Escalou | I62: 5 | K62: Não Escalou | L62: 5 | N62: Não Escalou | O62: 5 | Q62: Não Escalou | R62: 5
A63: Acessar o perfil do time Grajaux City F.C. | B63: 6 | D63: Acessar o perfil do time Mitinga`s F.C | E63: 6 | H63: Acessar o perfil do time Ipanema13 | I63: 6 | K63: Acessar o perfil do time Almi Jr. FC | L63: 6 | N63: Acessar o perfil do time Botafogo Hell | O63: 6 | Q63: Acessar o perfil do time Mitinga`s F.C | R63: 6
B64: 7 | E64: 7 | I64: 7 | L64: 7 | O64: 7 | R64: 7
A65: Grajaux City F.C. | B65: 1 | D65: Mitinga`s F.C | E65: 1 | H65: Ipanema13 | I65: 1 | K65: Almi Jr. FC | L65: 1 | N65: Botafogo Hell | O65: 1 | Q65: Mitinga`s F.C | R65: 1
A66: Douglas Ferreira | B66: 2 | D66: Marcel Cantalego | E66: 2 | H66: Alexandre Carlos | I66: 2 | K66: Almi Jr. | L66: 2 | N66: Gabriel | O66: 2 | Q66: Marcel Cantalego | R66: 2
A67: 121.69 | B67: 3 | D67: C$ 170.33 | E67: 3 | H67: 104.58 | I67: 3 | K67: C$ 174.51 | L67: 3 | N67: 102.94 | O67: 3 | Q67: C$ 175.34 | R67: 3
A68: 10º | B68: 4 | D68: 10º | E68: 4 | H68: 10º | I68: 4 | K68: 10º | L68: 4 | N68: 10º | O68: 4 | Q68: 10º | R68: 4
A69: Não Escalou | B69: 5 | D69: Não Escalou | E69: 5 | H69: Não Escalou | I69: 5 | K69: Não Escalou | L69: 5 | N69: Não Escalou | O69: 5 | Q69: Não Escalou | R69: 5
A70: Acessar o perfil do time Brabo Globetrotters | B70: 6 | D70: Acessar o perfil do time Andrétero FC | E70: 6 | H70: Acessar o perfil do time Andico F.C | I70: 6 | K70: Acessar o perfil do time Andrétero FC | L70: 6 | N70: Acessar o perfil do time Sobottka FC 633 | O70: 6 | Q70: Acessar o perfil do time PALM£IRAS S.E.P. | R70: 6
B71: 7 | E71: 7 | I71: 7 | L71: 7 | O71: 7 | R71: 7
A72: Brabo Globetrotters | B72: 1 | D72: Andrétero FC | E72: 1 | H72: Andico F.C | I72: 1 | K72: Andrétero FC | L72: 1 | N72: Sobottka FC 633 | O72: 1 | Q72: PALM£IRAS S.E.P. | R72: 1
A73: Eduardo Brabo | B73: 2 | D73: André Mendes | E73: 2 | H73: Leandro Souza | I73: 2 | K73: André Mendes | L73: 2 | N73: Gustavo Sobottka | O73: 2 | Q73: Diego Longo | R73: 2
A74: 121.47 | B74: 3 | D74: C$ 170.02 | E74: 3 | H74: 104.38 | I74: 3 | K74: C$ 174.04 | L74: 3 | N74: 102.24 | O74: 3 | Q74: C$ 174.78 | R74: 3
A75: 11º | B75: 4 | D75: 11º | E75: 4 | H75: 11º | I75: 4 | K75: 11º | L75: 4 | N75: 11º | O75: 4 | Q75: 11º | R75: 4
A76: Não Escalou | B76: 5 | D76: Escalou | E76: 5 | H76: Não Escalou | I76: 5 | K76: Não Escalou | L76: 5 | N76: Não Escalou | O76: 5 | Q76: Escalou | R76: 5
A77: Acessar o perfil do time Almi Jr. FC | B77: 6 | D77: Acessar o perfil do time Metamoney F.C | E77: 6 | H77: Acessar o perfil do time Silasbrs FC | I77: 6 | K77: Acessar o perfil do time Mitinga`s F.C | L77: 6 | N77: Acessar o perfil do time Tupinianos FC | O77: 6 | Q77: Acessar o perfil do time Vuduzera | R77: 6
B78: 7 | E78: 7 | I78: 7 | L78: 7 | O78: 7 | R78: 7
A79: Almi Jr. FC | B79: 1 | D79: Metamoney F.C | E79: 1 | H79: Silasbrs FC | I79: 1 | K79: Mitinga`s F.C | L79: 1 | N79: Tupinianos FC | O79: 1 | Q79: Vuduzera | R79: 1
A80: Almi Jr. | B80: 2 | D80: Marcio Vieira | E80: 2 | H80: Silas Siqueira | I80: 2 | K80: Marcel Cantalego | L80: 2 | N80: Douglas Ferreira | O80: 2 | Q80: Vudu | R80: 2
A81: 121.01 | B81: 3 | D81: C$ 168.87 | E81: 3 | H81: 104.07 | I81: 3 | K81: C$ 173.43 | L81: 3 | N81: 101.24 | O81: 3 | Q81: C$ 173.99 | R81: 3
A82: 12º | B82: 4 | D82: 12º | E82: 4 | H82: 12º | I82: 4 | K82: 12º | L82: 4 | N82: 12º | O82: 4 | Q82: 12º | R82: 4
A83: Não Escalou | B83: 5 | D83: Escalou | E83: 5 | H83: Não Escalou | I83: 5 | K83: Não Escalou | L83: 5 | N83: Não Escalou | O83: 5 | Q83: Escalou | R83: 5
A84: Acessar o perfil do time Diniz Santastico1 | B84: 6 | D84: Acessar o perfil do time Vuduzera | E84: 6 | H84: Acessar o perfil do time CamisaNegra FC | I84: 6 | K84: Acessar o perfil do time Vuduzera | L84: 6 | N84: Acessar o perfil do time Na Midola FC | O84: 6 | Q84: Acessar o perfil do time Andrétero FC | R84: 6
B85: 7 | E85: 7 | I85: 7 | L85: 7 | O85: 7 | R85: 7
A86: Diniz Santastico1 | B86: 1 | D86: Vuduzera | E86: 1 | H86: CamisaNegra FC | I86: 1 | K86: Vuduzera | L86: 1 | N86: Na Midola FC | O86: 1 | Q86: Andrétero FC | R86: 1
A87: Diniz | B87: 2 | D87: Vudu | E87: 2 | H87: Lissão | I87: 2 | K87: Vudu | L87: 2 | N87: Shoji | O87: 2 | Q87: André Mendes | R87: 2
A88: 120.09 | B88: 3 | D88: C$ 167.86 | E88: 3 | H88: 103.48 | I88: 3 | K88: C$ 171.28 | L88: 3 | N88: 99.89 | O88: 3 | Q88: C$ 173.81 | R88: 3
A89: 13º | B89: 4 | D89: 13º | E89: 4 | H89: 13º | I89: 4 | K89: 13º | L89: 4 | N89: 13º | O89: 4 | Q89: 13º | R89: 4
A90: Não Escalou | B90: 5 | D90: Escalou | E90: 5 | H90: Não Escalou | I90: 5 | K90: Escalou | L90: 5 | N90: Não Escalou | O90: 5 | Q90: Escalou | R90: 5
A91: Acessar o perfil do time TIMAO R.F.G | B91: 6 | D91: Acessar o perfil do time Centenario Alviverde | E91: 6 | H91: Acessar o perfil do time CRPELUSO | I91: 6 | K91: Acessar o perfil do time Adriano ZIZU | L91: 6 | N91: Acessar o perfil do time Adshow17 F.C | O91: 6 | Q91: Acessar o perfil do time Almi Jr. FC | R91: 6
B92: 7 | E92: 7 | I92: 7 | L92: 7 | O92: 7 | R92: 7
A93: TIMAO R.F.G | B93: 1 | D93: Centenario Alviverde | E93: 1 | H93: CRPELUSO | I93: 1 | K93: Adriano ZIZU | L93: 1 | N93: Adshow17 F.C | O93: 1 | Q93: Almi Jr. FC | R93: 1
A94: ROBSON CUNHA | B94: 2 | D94: Allan James | E94: 2 | H94: Claudio R Peluso | I94: 2 | K94: Adriano Monteiro | L94: 2 | N94: Adson Mendes | O94: 2 | Q94: Almi Jr. | R94: 2
A95: 118.09 | B95: 3 | D95: C$ 165.86 | E95: 3 | H95: 103.38 | I95: 3 | K95: C$ 169.30 | L95: 3 | N95: 99.74 | O95: 3 | Q95: C$ 173.02 | R95: 3
A96: 14º | B96: 4 | D96: 14º | E96: 4 | H96: 14º | I96: 4 | K96: 14º | L96: 4 | N96: 14º | O96: 4 | Q96: 14º | R96: 4
A97: Não Escalou | B97: 5 | D97: Não Escalou | E97: 5 | H97: Não Escalou | I97: 5 | K97: Não Escalou | L97: 5 | N97: Não Escalou | O97: 5 | Q97: Escalou | R97: 5
A98: Acessar o perfil do time Mitinga`s F.C | B98: 6 | D98: Acessar o perfil do time PALM£IRAS S.E.P. | E98: 6 | H98: Acessar o perfil do time Nenenzico FC | I98: 6 | K98: Acessar o perfil do time Ipanema13 | L98: 6 | N98: Acessar o perfil do time A D Peaky Blinders | O98: 6 | Q98: Acessar o perfil do time Adriano ZIZU | R98: 6
B99: 7 | E99: 7 | I99: 7 | L99: 7 | O99: 7 | R99: 7
A100: Mitinga`s F.C | B100: 1 | D100: PALM£IRAS S.E.P. | E100: 1 | H100: Nenenzico FC | I100: 1 | K100: Ipanema13 | L100: 1 | N100: A D Peaky Blinders | O100: 1 | Q100: Adriano ZIZU | R100: 1
...

Sheet Colagem
B1: FOI O QUE SOBROU | C1: 119.98 | E1: Bilao Sport Club | F1: C$ 319.41 | H1: SE Coringas do Piero | I1: 117.54 | L1: Bilao Sport Club | M1: C$ 325.83
B2: Abóbora Futebol C | C2: 114.96 | E2: AvantiPalestraFC | F2: C$ 186.17 | H2: Gabirobense | I2: 115.78 | L2: APELÕES FUTEBOL CLUB | M2: C$ 185.79
B3: Sempre ForteF.C. | C3: 111.28 | E3: LMD FC | F3: C$ 184.78 | H3: PALM£IRAS S.E.P. | I3: 115.44 | L3: Bilao Sport FC | M3: C$ 185.77
B4: Mitinga`s F.C | C4: 106.98 | E4: Bilao Sport FC | F4: C$ 183.23 | H4: HPano FC | I4: 114.64 | L4: LMD FC | M4: C$ 185.53
B5: PALM£IRAS S.E.P. | C5: 106.88 | E5: APELÕES FUTEBOL CLUB | F5: C$ 183.14 | H5: Andico F.C | I5: 110.18 | L5: AvantiPalestraFC | M5: C$ 183.98
B6: Wedgol | C6: 106.38 | E6: Evans Jr FC | F6: C$ 180.56 | H6: Mosby | I6: 108.31 | L6: Evans Jr FC | M6: C$ 182.19
B7: CalazansTeam | C7: 105.38 | E7: Coxinha Prime | F7: C$ 178.35 | H7: Maletinhas F.C. | I7: 107.34 | L7: Coxinha Prime | M7: C$ 176.79
B8: AvantiPalestraFC | C8: 105.08 | E8: Allejo Team F.C | F8: C$ 176.98 | H8: GEJA | I8: 105.54 | L8: Metamoney F.C | M8: C$ 176.69
B9: J.V.Finhani | C9: 104.99 | E9: Metamoney F.C | F9: C$ 175.28 | H9: Brabo Globetrotters | I9: 102.94 | L9: Allejo Team F.C | M9: C$ 175.41
B10: Ipanema13 | C10: 104.58 | E10: Almi Jr. FC | F10: C$ 174.51 | H10: Botafogo Hell | I10: 102.94 | L10: Mitinga`s F.C | M10: C$ 175.34
B11: Andico F.C | C11: 104.38 | E11: Andrétero FC | F11: C$ 174.04 | H11: Sobottka FC 633 | I11: 102.24 | L11: PALM£IRAS S.E.P. | M11: C$ 174.78
B12: Silasbrs FC | C12: 104.07 | E12: Mitinga`s F.C | F12: C$ 173.43 | H12: Tupinianos FC | I12: 101.24 | L12: Vuduzera | M12: C$ 173.99
... B83: Futebol Samba Resenha (FSR) | C83: 22.68 | E83: CR Pelég | F83: C$ 89.62 | H83: S C Taleb Paulista | I83: 13.60 | L83: CR Pelég | M83: C$ 90.87

Sheet base_cod_2026
A1: cod | B1: time | C1: P | D1: pts | E1: c | F1: cart | G1: x | H1: ano | I1: rodada | J1: cartola_time_id | K1: pontos | L1: patrimonio | M1: posicao | N1: xx | O1: =CONCATENATE(H1,",",I1,",",J1,",",K1,",",L1,",",M1) -> ano,rodada,cartola_time_id,pontos,patrimonio,posicao
A2: 54 | B2: SE Coringas do Piero | C2: =VLOOKUP(B2,Colagem!H:I,2,FALSE) -> 117.54 | D2: =--SUBSTITUTE(C2, ".", ",") -> 117.54 | E2: =VLOOKUP(B2,Colagem!L:M,2,FALSE) -> C$ 165.59 | F2: =SUBSTITUTE(E2, "C$","") -> 165.59 | H2: 2026 | I2: 31 | J2: 54 | K2: =C2 -> 117.54 | L2: =TRIM(F2) -> 165.59 | M2: 1 | O2: =CONCATENATE(H2,",",I2,",",J2,",",K2,",",L2,",",M2) -> 2026,31,54,117.54,165.59,1
A3: 13 | B3: Gabirobense | C3: =VLOOKUP(B3,Colagem!H:I,2,FALSE) -> 115.78 | D3: =--SUBSTITUTE(C3, ".", ",") -> 115.78 | E3: =VLOOKUP(B3,Colagem!L:M,2,FALSE) -> C$ 154.89 | F3: =SUBSTITUTE(E3, "C$","") -> 154.89 | H3: 2026 | I3: 31 | J3: 13 | K3: =C3 -> 115.78 | L3: =TRIM(F3) -> 154.89 | M3: 2 | O3: =CONCATENATE(H3,",",I3,",",J3,",",K3,",",L3,",",M3) -> 2026,31,13,115.78,154.89,2
A4: 18 | B4: PALM£IRAS S.E.P. | C4: =VLOOKUP(B4,Colagem!H:I,2,FALSE) -> 115.44 | D4: =--SUBSTITUTE(C4, ".", ",") -> 115.44 | E4: =VLOOKUP(B4,Colagem!L:M,2,FALSE) -> C$ 174.78 | F4: =SUBSTITUTE(E4, "C$","") -> 174.78 | H4: 2026 | I4: 31 | J4: 18 | K4: =C4 -> 115.44 | L4: =TRIM(F4) -> 174.78 | M4: 3 | O4: =CONCATENATE(H4,",",I4,",",J4,",",K4,",",L4,",",M4) -> 2026,31,18,115.44,174.78,3
A5: 27 | B5: HPano FC | C5: =VLOOKUP(B5,Colagem!H:I,2,FALSE) -> 114.64 | D5: =--SUBSTITUTE(C5, ".", ",") -> 114.64 | E5: =VLOOKUP(B5,Colagem!L:M,2,FALSE) -> C$ 154.06 | F5: =SUBSTITUTE(E5, "C$","") -> 154.06 | H5: 2026 | I5: 31 | J5: 27 | K5: =C5 -> 114.64 | L5: =TRIM(F5) -> 154.06 | M5: 4 | O5: =CONCATENATE(H5,",",I5,",",J5,",",K5,",",L5,",",M5) -> 2026,31,27,114.64,154.06,4
A6: 31 | B6: Andico F.C | C6: =VLOOKUP(B6,Colagem!H:I,2,FALSE) -> 110.18 | D6: =--SUBSTITUTE(C6, ".", ",") -> 110.18 | E6: =VLOOKUP(B6,Colagem!L:M,2,FALSE) -> C$ 154.52 | F6: =SUBSTITUTE(E6, "C$","") -> 154.52 | H6: 2026 | I6: 31 | J6: 31 | K6: =C6 -> 110.18 | L6: =TRIM(F6) -> 154.52 | M6: 5 | O6: =CONCATENATE(H6,",",I6,",",J6,",",K6,",",L6,",",M6) -> 2026,31,31,110.18,154.52,5
A7: 80 | B7: Mosby | C7: =VLOOKUP(B7,Colagem!H:I,2,FALSE) -> 108.31 | D7: =--SUBSTITUTE(C7, ".", ",") -> 108.31 | E7: =VLOOKUP(B7,Colagem!L:M,2,FALSE) -> C$ 162.21 | F7: =SUBSTITUTE(E7, "C$","") -> 162.21 | H7: 2026 | I7: 31 | J7: 80 | K7: =C7 -> 108.31 | L7: =TRIM(F7) -> 162.21 | M7: 6 | O7: =CONCATENATE(H7,",",I7,",",J7,",",K7,",",L7,",",M7) -> 2026,31,80,108.31,162.21,6
A8: 41 | B8: Maletinhas F.C. | C8: =VLOOKUP(B8,Colagem!H:I,2,FALSE) -> 107.34 | D8: =--SUBSTITUTE(C8, ".", ",") -> 107.34 | E8: =VLOOKUP(B8,Colagem!L:M,2,FALSE) -> C$ 147.17 | F8: =SUBSTITUTE(E8, "C$","") -> 147.17 | H8: 2026 | I8: 31 | J8: 41 | K8: =C8 -> 107.34 | L8: =TRIM(F8) -> 147.17 | M8: 7 | O8: =CONCATENATE(H8,",",I8,",",J8,",",K8,",",L8,",",M8) -> 2026,31,41,107.34,147.17,7
A9: 64 | B9: GEJA | C9: =VLOOKUP(B9,Colagem!H:I,2,FALSE) -> 105.54 | D9: =--SUBSTITUTE(C9, ".", ",") -> 105.54 | E9: =VLOOKUP(B9,Colagem!L:M,2,FALSE) -> C$ 164.15 | F9: =SUBSTITUTE(E9, "C$","") -> 164.15 | H9: 2026 | I9: 31 | J9: 64 | K9: =C9 -> 105.54 | L9: =TRIM(F9) -> 164.15 | M9: 8 | O9: =CONCATENATE(H9,",",I9,",",J9,",",K9,",",L9,",",M9) -> 2026,31,64,105.54,164.15,8
A10: 21 | B10: Brabo Globetrotters | C10: =VLOOKUP(B10,Colagem!H:I,2,FALSE) -> 102.94 | D10: =--SUBSTITUTE(C10, ".", ",") -> 102.94 | E10: =VLOOKUP(B10,Colagem!L:M,2,FALSE) -> C$ 155.66 | F10: =SUBSTITUTE(E10, "C$","") -> 155.66 | H10: 2026 | I10: 31 | J10: 21 | K10: =C10 -> 102.94 | L10: =TRIM(F10) -> 155.66 | M10: 9 | O10: =CONCATENATE(H10,",",I10,",",J10,",",K10,",",L10,",",M10) -> 2026,31,21,102.94,155.66,9
A11: 24 | B11: Botafogo Hell | C11: =VLOOKUP(B11,Colagem!H:I,2,FALSE) -> 102.94 | D11: =--SUBSTITUTE(C11, ".", ",") -> 102.94 | E11: =VLOOKUP(B11,Colagem!L:M,2,FALSE) -> C$ 154.94 | F11: =SUBSTITUTE(E11, "C$","") -> 154.94 | H11: 2026 | I11: 31 | J11: 24 | K11: =C11 -> 102.94 | L11: =TRIM(F11) -> 154.94 | M11: 10 | O11: =CONCATENATE(H11,",",I11,",",J11,",",K11,",",L11,",",M11) -> 2026,31,24,102.94,154.94,10
A12: 26 | B12: Sobottka FC 633 | C12: =VLOOKUP(B12,Colagem!H:I,2,FALSE) -> 102.24 | D12: =--SUBSTITUTE(C12, ".", ",") -> 102.24 | E12: =VLOOKUP(B12,Colagem!L:M,2,FALSE) -> C$ 145.83 | F12: =SUBSTITUTE(E12, "C$","") -> 145.83 | H12: 2026 | I12: 31 | J12: 26 | K12: =C12 -> 102.24 | L12: =TRIM(F12) -> 145.83 | M12: 11 | O12: =CONCATENATE(H12,",",I12,",",J12,",",K12,",",L12,",",M12) -> 2026,31,26,102.24,145.83,11
A13: 73 | B13: Tupinianos FC | C13: =VLOOKUP(B13,Colagem!H:I,2,FALSE) -> 101.24 | D13: =--SUBSTITUTE(C13, ".", ",") -> 101.24 | E13: =VLOOKUP(B13,Colagem!L:M,2,FALSE) -> C$ 163.90 | F13: =SUBSTITUTE(E13, "C$","") -> 163.90 | H13: 2026 | I13: 31 | J13: 73 | K13: =C13 -> 101.24 | L13: =TRIM(F13) -> 163.90 | M13: 12 | O13: =CONCATENATE(H13,",",I13,",",J13,",",K13,",",L13,",",M13) -> 2026,31,73,101.24,163.90,12
... A84: 83 | B84: S C Taleb Paulista | C84: =VLOOKUP(B84,Colagem!H:I,2,FALSE) -> 13.60 | D84: =--SUBSTITUTE(C84, ".", ",") -> 13.6 | E84: =VLOOKUP(B84,Colagem!L:M,2,FALSE) -> C$ 96.11 | F84: =SUBSTITUTE(E84, "C$","") -> 96.11 | H84: 2026 | I84: 31 | J84: 83 | K84: =C84 -> 13.60 | L84: =TRIM(F84) -> 96.11 | M84: 83 | O84: =CONCATENATE(H84,",",I84,",",J84,",",K84,",",L84,",",M84) -> 2026,31,83,13.60,96.11,83

Sheet Planilha2
A1: a | B1: b
A2: ZAGO PRATIS FC | B2: 1 | E2: ZAGO PRATIS FC | G2: ZAGO PRATIS FC | H2: 1
A3: ANDRE PRATS | B3: 2 | E3: ANDRE PRATS | G3: ANDRE PRATS | H3: 2
A4: - | B4: 3 | E4: - | G4: - | H4: 3
A5: - | B5: 4 | E5: - | G5: - | H5: 4
A6: Não Escalou | B6: 5 | E6: Não Escalou | G6: Escalou | H6: 5
A7: Acessar o perfil do time Luket Wanderes fc | B7: 6 | E7: Acessar o perfil do time Luket Wanderes fc | G7: Acessar o perfil do time Luket Wanderes fc | H7: 6
B8: 7 | H8: 7
A9: Luket Wanderes fc | B9: 1 | E9: Luket Wanderes fc | G9: Luket Wanderes fc | H9: 1
A10: Lucas Silva Vieira | B10: 2 | E10: Lucas Silva Vieira | G10: Lucas Silva Vieira | H10: 2
A11: - | B11: 3 | E11: - | G11: - | H11: 3
A12: - | B12: 4 | E12: - | G12: - | H12: 4
A13: Não Escalou | B13: 5 | E13: Não Escalou | G13: Escalou | H13: 5
A14: Acessar o perfil do time FOI O QUE SOBROU | B14: 6 | E14: Acessar o perfil do time FOI O QUE SOBROU | G14: Acessar o perfil do time FOI O QUE SOBROU | H14: 6
B15: 7 | H15: 7
A16: FOI O QUE SOBROU | B16: 1 | E16: FOI O QUE SOBROU | G16: FOI O QUE SOBROU | H16: 1
A17: V. ÉDIPO | B17: 2 | E17: V. ÉDIPO | G17: V. ÉDIPO | H17: 2
A18: - | B18: 3 | E18: - | G18: - | H18: 3
A19: - | B19: 4 | E19: - | G19: - | H19: 4
A20: Escalou | B20: 5 | E20: Escalou | G20: Escalou | H20: 5
A21: Acessar o perfil do time CalazansTeam | B21: 6 | E21: Acessar o perfil do time CalazansTeam | G21: Acessar o perfil do time CalazansTeam | H21: 6
B22: 7 | H22: 7
A23: CalazansTeam | B23: 1 | E23: CalazansTeam | G23: CalazansTeam | H23: 1
A24: ALYSON | B24: 2 | E24: ALYSON | G24: ALYSON | H24: 2
A25: - | B25: 3 | E25: - | G25: - | H25: 3
A26: - | B26: 4 | E26: - | G26: - | H26: 4
A27: Não Escalou | B27: 5 | E27: Não Escalou | G27: Escalou | H27: 5
A28: Acessar o perfil do time CRPELUSO | B28: 6 | E28: Acessar o perfil do time CRPELUSO | G28: Acessar o perfil do time CRPELUSO | H28: 6
B29: 7 | H29: 7
A30: CRPELUSO | B30: 1 | E30: CRPELUSO | G30: CRPELUSO | H30: 1
A31: Claudio R Peluso | B31: 2 | E31: Claudio R Peluso | G31: Claudio R Peluso | H31: 2
A32: - | B32: 3 | E32: - | G32: - | H32: 3
A33: - | B33: 4 | E33: - | G33: - | H33: 4
A34: Escalou | B34: 5 | E34: Escalou | G34: Escalou | H34: 5
A35: Acessar o perfil do time PALM£IRAS S.E.P. | B35: 6 | E35: Acessar o perfil do time PALM£IRAS S.E.P. | G35: Acessar o perfil do time PALM£IRAS S.E.P. | H35: 6
B36: 7 | H36: 7
A37: PALM£IRAS S.E.P. | B37: 1 | E37: PALM£IRAS S.E.P. | G37: PALM£IRAS S.E.P. | H37: 1
A38: Diego Longo | B38: 2 | E38: Diego Longo | G38: Diego Longo | H38: 2
A39: - | B39: 3 | E39: - | G39: - | H39: 3
A40: - | B40: 4 | E40: - | G40: - | H40: 4
A41: Escalou | B41: 5 | E41: Escalou | G41: Escalou | H41: 5
A42: Acessar o perfil do time Bike Cristo | B42: 6 | E42: Acessar o perfil do time Bike Cristo | G42: Acessar o perfil do time Bike Cristo | H42: 6
B43: 7 | H43: 7
A44: Bike Cristo | B44: 1 | E44: Bike Cristo | G44: Bike Cristo | H44: 1
A45: Maurício Silva | B45: 2 | E45: Maurício Silva | G45: Maurício Silva | H45: 2
A46: - | B46: 3 | E46: - | G46: - | H46: 3
A47: - | B47: 4 | E47: - | G47: - | H47: 4
A48: Escalou | B48: 5 | E48: Escalou | G48: Escalou | H48: 5
A49: Acessar o perfil do time Ferrugem Ultimate | B49: 6 | E49: Acessar o perfil do time Ferrugem Ultimate | G49: Acessar o perfil do time Ferrugem Ultimate | H49: 6
B50: 7 | H50: 7
A51: Ferrugem Ultimate | B51: 1 | E51: Ferrugem Ultimate | G51: Ferrugem Ultimate | H51: 1
A52: Thiago Ribas | B52: 2 | E52: Thiago Ribas | G52: Thiago Ribas | H52: 2
A53: - | B53: 3 | E53: - | G53: - | H53: 3
A54: - | B54: 4 | E54: - | G54: - | H54: 4
A55: Não Escalou | B55: 5 | E55: Não Escalou | G55: Não Escalou | H55: 5
A56: Acessar o perfil do time E.C. Ocram 5.6 | B56: 6 | E56: Acessar o perfil do time E.C. Ocram 5.6 | G56: Acessar o perfil do time E.C. Ocram 5.6 | H56: 6
B57: 7 | H57: 7
A58: E.C. Ocram 5.6 | B58: 1 | E58: E.C. Ocram 5.6 | G58: E.C. Ocram 5.6 | H58: 1
A59: Marcão | B59: 2 | E59: Marcão | G59: Marcão | H59: 2
A60: - | B60: 3 | E60: - | G60: - | H60: 3
A61: - | B61: 4 | E61: - | G61: - | H61: 4
A62: Escalou | B62: 5 | E62: Escalou | G62: Escalou | H62: 5
A63: Acessar o perfil do time Maletinhas F.C. | B63: 6 | E63: Acessar o perfil do time Maletinhas F.C. | G63: Acessar o perfil do time Maletinhas F.C. | H63: 6
B64: 7 | H64: 7
A65: Maletinhas F.C. | B65: 1 | E65: Maletinhas F.C. | G65: Maletinhas F.C. | H65: 1
A66: Ricardo | B66: 2 | E66: Ricardo | G66: Ricardo | H66: 2
A67: - | B67: 3 | E67: - | G67: - | H67: 3
A68: - | B68: 4 | E68: - | G68: - | H68: 4
A69: Não Escalou | B69: 5 | E69: Não Escalou | G69: Não Escalou | H69: 5
A70: Acessar o perfil do time 08 Ratto FC | B70: 6 | E70: Acessar o perfil do time 08 Ratto FC | G70: Acessar o perfil do time 08 Ratto FC | H70: 6
B71: 7 | H71: 7
A72: 08 Ratto FC | B72: 1 | E72: 08 Ratto FC | G72: 08 Ratto FC | H72: 1
A73: Gabriel Ratto2 | B73: 2 | E73: Gabriel Ratto2 | G73: Gabriel Ratto2 | H73: 2
A74: - | B74: 3 | E74: - | G74: - | H74: 3
A75: - | B75: 4 | E75: - | G75: - | H75: 4
A76: Não Escalou | B76: 5 | E76: Escalou | G76: Escalou | H76: 5
A77: Acessar o perfil do time Real Rattaria FC | B77: 6 | E77: Acessar o perfil do time Real Rattaria FC | G77: Acessar o perfil do time Real Rattaria FC | H77: 6
B78: 7 | H78: 7
A79: Real Rattaria FC | B79: 1 | E79: Real Rattaria FC | G79: Real Rattaria FC | H79: 1
A80: Gabriel Ratto | B80: 2 | E80: Gabriel Ratto | G80: Gabriel Ratto | H80: 2
A81: - | B81: 3 | E81: - | G81: - | H81: 3
A82: - | B82: 4 | E82: - | G82: - | H82: 4
A83: Não Escalou | B83: 5 | E83: Não Escalou | G83: Escalou | H83: 5
A84: Acessar o perfil do time Allejo Team F.C | B84: 6 | E84: Acessar o perfil do time Allejo Team F.C | G84: Acessar o perfil do time Allejo Team F.C | H84: 6
B85: 7 | H85: 7
A86: Allejo Team F.C | B86: 1 | E86: Allejo Team F.C | G86: Allejo Team F.C | H86: 1
A87: Yuri Oliveira | B87: 2 | E87: Yuri Oliveira | G87: Yuri Oliveira | H87: 2
A88: - | B88: 3 | E88: - | G88: - | H88: 3
A89: - | B89: 4 | E89: - | G89: - | H89: 4
A90: Não Escalou | B90: 5 | E90: Não Escalou | G90: Não Escalou | H90: 5
A91: Acessar o perfil do time Sobottka FC 633 | B91: 6 | E91: Acessar o perfil do time Sobottka FC 633 | G91: Acessar o perfil do time Sobottka FC 633 | H91: 6
B92: 7 | H92: 7
A93: Sobottka FC 633 | B93: 1 | E93: Sobottka FC 633 | G93: Sobottka FC 633 | H93: 1
A94: Gustavo Sobottka | B94: 2 | E94: Gustavo Sobottka | G94: Gustavo Sobottka | H94: 2
A95: - | B95: 3 | E95: - | G95: - | H95: 3
A96: - | B96: 4 | E96: - | G96: - | H96: 4
A97: Não Escalou | B97: 5 | E97: Não Escalou | G97: Não Escalou | H97: 5
A98: Acessar o perfil do time Grajaux City F.C. | B98: 6 | E98: Acessar o perfil do time Grajaux City F.C. | G98: Acessar o perfil do time Grajaux City F.C. | H98: 6
B99: 7 | H99: 7
A100: Grajaux City F.C. | B100: 1 | E100: Grajaux City F.C. | G100: Grajaux City F.C. | H100: 1
...

Sheet Planilha3
A1: Maletinhas F.C. | B1: X | C1: =VLOOKUP(A1,E:G,3,FALSE) -> Y | E1: ZAGO PRATIS FC | F1: =VLOOKUP(E1,A:B,2,FALSE) -> X | G1: Y
A2: Sobottka FC 633 | B2: X | C2: =VLOOKUP(A2,E:G,3,FALSE) -> Y | E2: Luket Wanderes fc | F2: =VLOOKUP(E2,A:B,2,FALSE) -> X | G2: Y
A3: GIGANTES MORUMBI F.C | B3: X | C3: =VLOOKUP(A3,E:G,3,FALSE) -> Y | E3: FOI O QUE SOBROU | F3: =VLOOKUP(E3,A:B,2,FALSE) -> X | G3: Y
A4: Adshow17 F.C | B4: X | C4: =VLOOKUP(A4,E:G,3,FALSE) -> Y | E4: CalazansTeam | F4: =VLOOKUP(E4,A:B,2,FALSE) -> X | G4: Y
A5: Schuletroll | B5: X | C5: =VLOOKUP(A5,E:G,3,FALSE) -> Y | E5: CRPELUSO | F5: =VLOOKUP(E5,A:B,2,FALSE) -> X | G5: Y
A6: CamisaNegra FC | B6: X | C6: =VLOOKUP(A6,E:G,3,FALSE) -> Y | E6: PALM£IRAS S.E.P. | F6: =VLOOKUP(E6,A:B,2,FALSE) -> X | G6: Y
A7: Mitinga`s F.C | B7: X | C7: =VLOOKUP(A7,E:G,3,FALSE) -> Y | E7: Bike Cristo | F7: =VLOOKUP(E7,A:B,2,FALSE) -> X | G7: Y
A8: FOI O QUE SOBROU | B8: X | C8: =VLOOKUP(A8,E:G,3,FALSE) -> Y | E8: Ferrugem Ultimate | F8: =VLOOKUP(E8,A:B,2,FALSE) -> X | G8: Y
A9: Vuduzera | B9: X | C9: =VLOOKUP(A9,E:G,3,FALSE) -> Y | E9: E.C. Ocram 5.6 | F9: =VLOOKUP(E9,A:B,2,FALSE) -> X | G9: Y
A10: ZEKABOLEIRO | B10: X | C10: =VLOOKUP(A10,E:G,3,FALSE) -> Y | E10: Maletinhas F.C. | F10: =VLOOKUP(E10,A:B,2,FALSE) -> X | G10: Y
A11: EmesuShow Porcolino | B11: X | C11: =VLOOKUP(A11,E:G,3,FALSE) -> Y | E11: 08 Ratto FC | F11: =VLOOKUP(E11,A:B,2,FALSE) -> X | G11: Y
A12: TIMAO R.F.G | B12: X | C12: =VLOOKUP(A12,E:G,3,FALSE) -> Y | E12: Real Rattaria FC | F12: =VLOOKUP(E12,A:B,2,FALSE) -> X | G12: Y
... A80: Lanterninha Futebol Clube | B80: X | C80: =VLOOKUP(A80,E:G,3,FALSE) -> Y | E80: A D Peaky Blinders | F80: =VLOOKUP(E80,A:B,2,FALSE) -> #N/A | G80: Y

Sheet ORG
A1: TIME | B1: CARTOLEIRO | C1: ORD | D1: ID | E1: nome | F1: ID | G1: X | H1: ID_time | I1: ID_CART | J1: NOME_TIME | K1: TEMPORADA | L1: DIV 2025 | M1: pos | N1: st | O1: DIV 2026 P | P1: DIV 2026 D | Q1: status[ | R1: X | S1: id_d | T1: time_id | U1: divisao_id | V1: temp | W1: ativo | Y1: id_fk | Z1: apelido | AA1: telefone | AB1: time coracao | AC1: cidade | AD1: estado | AE1: pais
A2: Maletinhas F.C. | B2: Ricardo | C2: 2 | E2: R MALETA | F2: 41 | H2: 41 | I2: 41 | J2: Maletinhas F.C. | K2: 2026 | L2: =VLOOKUP(J2,SERIES!B:K,10,FALSE) -> A | M2: =VLOOKUP(J2,SERIES!B:K,2,FALSE) -> 1 | N2: =VLOOKUP(J2,SERIES!B:K,9,FALSE) -> C | O2: A | P2: A | Q2: 2025 | T2: =H2 -> 41 | U2: 1 | V2: 2026 | W2: true
A3: Sobottka FC 633 | B3: Gustavo Sobottka | C3: 2 | E3: G SOBOTTKA | F3: 26 | H3: 26 | I3: 26 | J3: Sobottka FC 633 | K3: 2026 | L3: =VLOOKUP(J3,SERIES!B:K,10,FALSE) -> A | M3: =VLOOKUP(J3,SERIES!B:K,2,FALSE) -> 2 | N3: =VLOOKUP(J3,SERIES!B:K,9,FALSE) -> M | O3: A | P3: A | Q3: 2025 | T3: =H3 -> 26 | U3: 1 | V3: 2026 | W3: true
A4: GIGANTES MORUMBI F.C | B4: Sergio Garcia | C4: 2 | E4: S GARCIA | F4: 44 | H4: 44 | I4: 44 | J4: GIGANTES MORUMBI F.C | K4: 2026 | L4: =VLOOKUP(J4,SERIES!B:K,10,FALSE) -> A | M4: =VLOOKUP(J4,SERIES!B:K,2,FALSE) -> 3 | N4: =VLOOKUP(J4,SERIES!B:K,9,FALSE) -> M | O4: A | P4: A | Q4: 2025 | T4: =H4 -> 44 | U4: 1 | V4: 2026 | W4: true
A5: Adshow17 F.C | B5: Adson Mendes | C5: 2 | E5: ADSON | F5: 3 | H5: 3 | I5: 3 | J5: Adshow17 F.C | K5: 2026 | L5: =VLOOKUP(J5,SERIES!B:K,10,FALSE) -> A | M5: =VLOOKUP(J5,SERIES!B:K,2,FALSE) -> 4 | N5: =VLOOKUP(J5,SERIES!B:K,9,FALSE) -> M | O5: A | P5: A | Q5: 2025 | T5: =H5 -> 3 | U5: 1 | V5: 2026 | W5: true
A6: Schuletroll | B6: Leandro Schulai | C6: 6 | E6: SCHULETA | F6: 67 | H6: 70 | I6: 67 | J6: Schuletroll | K6: 2026 | L6: =VLOOKUP(J6,SERIES!B:K,10,FALSE) -> A | M6: =VLOOKUP(J6,SERIES!B:K,2,FALSE) -> 5 | N6: =VLOOKUP(J6,SERIES!B:K,9,FALSE) -> M | O6: A | P6: A | Q6: 2025 | T6: =H6 -> 70 | U6: 1 | V6: 2026 | W6: true
A7: CamisaNegra FC | B7: Lissão | C7: 2 | E7: LISSAO | F7: 32 | H7: 32 | I7: 32 | J7: CamisaNegra FC | K7: 2026 | L7: A | M7: 6 | N7: M | O7: A | P7: A | Q7: 2025 | T7: =H7 -> 32 | U7: 1 | V7: 2026 | W7: true
A8: Mitinga`s F.C | B8: Marcel Cantalego | C8: 2 | E8: M CANTALEGO | F8: 37 | H8: 37 | I8: 37 | J8: Mitinga`s F.C | K8: 2026 | L8: =VLOOKUP(J8,SERIES!B:K,10,FALSE) -> A | M8: =VLOOKUP(J8,SERIES!B:K,2,FALSE) -> 7 | N8: =VLOOKUP(J8,SERIES!B:K,9,FALSE) -> M | O8: A | P8: A | Q8: 2025 | T8: =H8 -> 37 | U8: 1 | V8: 2026 | W8: true
A9: FOI O QUE SOBROU | B9: V. ÉDIPO | C9: 2 | E9: EDIPO | F9: 47 | H9: 47 | I9: 47 | J9: FOI O QUE SOBROU | K9: 2026 | L9: =VLOOKUP(J9,SERIES!B:K,10,FALSE) -> A | M9: =VLOOKUP(J9,SERIES!B:K,2,FALSE) -> 8 | N9: =VLOOKUP(J9,SERIES!B:K,9,FALSE) -> M | O9: A | P9: A | Q9: 2025 | T9: =H9 -> 47 | U9: 1 | V9: 2026 | W9: true
A10: Vuduzera | B10: Vudu | C10: 2 | E10: VUDU | F10: 63 | H10: 63 | I10: 63 | J10: Vuduzera | K10: 2026 | L10: =VLOOKUP(J10,SERIES!B:K,10,FALSE) -> A | M10: =VLOOKUP(J10,SERIES!B:K,2,FALSE) -> 9 | N10: =VLOOKUP(J10,SERIES!B:K,9,FALSE) -> M | O10: A | P10: A | Q10: 2025 | T10: =H10 -> 63 | U10: 1 | V10: 2026 | W10: true
A11: ZEKABOLEIRO | B11: TRIPA | C11: 2 | E11: R TRIPAO | F11: 61 | H11: 61 | I11: 61 | J11: ZEKABOLEIRO | K11: 2026 | L11: =VLOOKUP(J11,SERIES!B:K,10,FALSE) -> A | M11: =VLOOKUP(J11,SERIES!B:K,2,FALSE) -> 10 | N11: =VLOOKUP(J11,SERIES!B:K,9,FALSE) -> M | O11: A | P11: A | Q11: 2025 | T11: =H11 -> 61 | U11: 1 | V11: 2026 | W11: true
A12: EmesuShow Porcolino | B12: Emerson Rocha | C12: 2 | E12: PORCOLINO | F12: 53 | H12: 53 | I12: 53 | J12: EmesuShow Porcolino | K12: 2026 | L12: =VLOOKUP(J12,SERIES!B:K,10,FALSE) -> A | M12: =VLOOKUP(J12,SERIES!B:K,2,FALSE) -> 12 | N12: =VLOOKUP(J12,SERIES!B:K,9,FALSE) -> M | O12: A | P12: A | Q12: 2025 | T12: =H12 -> 53 | U12: 1 | V12: 2026 | W12: true
A13: TIMAO R.F.G | B13: ROBSON CUNHA | C13: 2 | E13: R CUNHA | F13: 43 | H13: 43 | I13: 43 | J13: TIMAO R.F.G | K13: 2026 | L13: A | M13: 13 | N13: M | O13: A | P13: A | Q13: 2025 | T13: =H13 -> 43 | U13: 1 | V13: 2026 | W13: true
A14: PALM£IRAS S.E.P. | B14: Diego Longo | C14: 2 | E14: D LONGO | F14: 18 | H14: 18 | I14: 18 | J14: PALM£IRAS S.E.P. | K14: 2026 | L14: A | M14: 14 | N14: M | O14: A | P14: A | Q14: 2025 | T14: =H14 -> 18 | U14: 1 | V14: 2026 | W14: true
A15: ZAGO PRATIS FC | B15: ANDRE PRATS | C15: 1 | E15: PRATIS | F15: 1 | H15: 1 | I15: 1 | J15: ZAGO PRATIS FC | K15: 2026 | L15: A | M15: 16 | N15: M | O15: A | P15: A | Q15: 2025 | T15: =H15 -> 1 | U15: 1 | V15: 2026 | W15: true
A16: Luket Wanderes fc | B16: Lucas Silva Vieira | C16: 2 | E16: LUKET | F16: 35 | H16: 35 | I16: 35 | J16: Luket Wanderes fc | K16: 2026 | L16: =VLOOKUP(J16,SERIES!B:K,10,FALSE) -> B | M16: =VLOOKUP(J16,SERIES!B:K,2,FALSE) -> 21 | N16: =VLOOKUP(J16,SERIES!B:K,9,FALSE) -> P | O16: A | P16: A | Q16: 2025 | T16: =H16 -> 35 | U16: 1 | V16: 2026 | W16: true
A17: Amigos do Loco Abreu | B17: Ricardo Filgueiras | C17: 2 | E17: R FILGUEIRAS | F17: 42 | H17: 42 | I17: 42 | J17: Amigos do Loco Abreu | K17: 2026 | L17: =VLOOKUP(J17,SERIES!B:K,10,FALSE) -> B | M17: =VLOOKUP(J17,SERIES!B:K,2,FALSE) -> 22 | N17: =VLOOKUP(J17,SERIES!B:K,9,FALSE) -> P | O17: A | P17: A | Q17: 2025 | T17: =H17 -> 42 | U17: 1 | V17: 2026 | W17: true
A18: Metamoney F.C | B18: Marcio Vieira | C18: 2 | E18: M VIEIRA | F18: 38 | H18: 38 | I18: 38 | J18: Metamoney F.C | K18: 2026 | L18: =VLOOKUP(J18,SERIES!B:K,10,FALSE) -> B | M18: =VLOOKUP(J18,SERIES!B:K,2,FALSE) -> 23 | N18: =VLOOKUP(J18,SERIES!B:K,9,FALSE) -> P | O18: A | P18: A | Q18: 2025 | T18: =H18 -> 38 | U18: 1 | V18: 2026 | W18: true
A19: Silasbrs FC | B19: Silas Siqueira | C19: 2 | E19: S SIQUEIRA | F19: 45 | H19: 45 | I19: 45 | J19: Silasbrs FC | K19: 2026 | L19: =VLOOKUP(J19,SERIES!B:K,10,FALSE) -> B | M19: =VLOOKUP(J19,SERIES!B:K,2,FALSE) -> 24 | N19: =VLOOKUP(J19,SERIES!B:K,9,FALSE) -> P | O19: A | P19: A | Q19: 2025 | T19: =H19 -> 45 | U19: 1 | V19: 2026 | W19: true
A20: Os Porko é Loko - Z/O | B20: Anderson Nogueira | C20: 2 | E20: A NOGUEIRA | F20: 10 | H20: 10 | I20: 10 | J20: Os Porko é Loko - Z/O | K20: 2026 | L20: =VLOOKUP(J20,SERIES!B:K,10,FALSE) -> B | M20: =VLOOKUP(J20,SERIES!B:K,2,FALSE) -> 25 | N20: =VLOOKUP(J20,SERIES!B:K,9,FALSE) -> M | O20: B | P20: A | Q20: 2025 | T20: =H20 -> 10 | U20: 1 | V20: 2026 | W20: true
A21: CRPELUSO | B21: Claudio R Peluso | C21: 2 | E21: C PELUSO | F21: 17 | H21: 17 | I21: 17 | J21: CRPELUSO | K21: 2026 | L21: =VLOOKUP(J21,SERIES!B:K,10,FALSE) -> B | M21: =VLOOKUP(J21,SERIES!B:K,2,FALSE) -> 26 | N21: =VLOOKUP(J21,SERIES!B:K,9,FALSE) -> M | O21: B | P21: A | Q21: 2025 | T21: =H21 -> 17 | U21: 1 | V21: 2026 | W21: true
A22: Ipanema13 | B22: Alexandre Carlos | C22: 2 | E22: ALE CHINELO | F22: 5 | H22: 5 | I22: 5 | J22: Ipanema13 | K22: 2026 | L22: =VLOOKUP(J22,SERIES!B:K,10,FALSE) -> A | M22: =VLOOKUP(J22,SERIES!B:K,2,FALSE) -> 17 | N22: =VLOOKUP(J22,SERIES!B:K,9,FALSE) -> R | O22: B | P22: B | Q22: 2025 | T22: =H22 -> 5 | U22: 2 | V22: 2026 | W22: true
A23: OtoPat@ma | B23: Paulo | C23: 2 | E23: P OTO | F23: 57 | H23: 57 | I23: 57 | J23: OtoPat@ma | K23: 2026 | L23: =VLOOKUP(J23,SERIES!B:K,10,FALSE) -> A | M23: =VLOOKUP(J23,SERIES!B:K,2,FALSE) -> 18 | N23: =VLOOKUP(J23,SERIES!B:K,9,FALSE) -> R | O23: B | P23: B | Q23: 2025 | T23: =H23 -> 57 | U23: 2 | V23: 2026 | W23: true
A24: Brabo Globetrotters | B24: Eduardo Brabo | C24: 2 | E24: BRABO | F24: 21 | H24: 21 | I24: 21 | J24: Brabo Globetrotters | K24: 2026 | L24: =VLOOKUP(J24,SERIES!B:K,10,FALSE) -> A | M24: =VLOOKUP(J24,SERIES!B:K,2,FALSE) -> 19 | N24: =VLOOKUP(J24,SERIES!B:K,9,FALSE) -> R | O24: B | P24: B | Q24: 2025 | T24: =H24 -> 21 | U24: 2 | V24: 2026 | W24: true
A25: Abóbora Futebol C | B25: Wellyngton Remesso | C25: 2 | E25: Abobora | F25: 69 | H25: 74 | I25: 69 | J25: Abóbora Futebol C | K25: 2026 | L25: =VLOOKUP(J25,SERIES!B:K,10,FALSE) -> A | M25: 20 | N25: =VLOOKUP(J25,SERIES!B:K,9,FALSE) -> R | O25: B | P25: B | Q25: 2025 | T25: =H25 -> 74 | U25: 2 | V25: 2026 | W25: true
A26: Sempre ForteF.C. | B26: Jonathan Oliveira de | C26: 2 | E26: BATATA | F26: 30 | H26: 30 | I26: 30 | J26: Sempre ForteF.C. | K26: 2026 | L26: =VLOOKUP(J26,SERIES!B:K,10,FALSE) -> B | M26: =VLOOKUP(J26,SERIES!B:K,2,FALSE) -> 27 | N26: =VLOOKUP(J26,SERIES!B:K,9,FALSE) -> M | O26: B | P26: B | Q26: 2025 | T26: =H26 -> 30 | U26: 2 | V26: 2026 | W26: true
A27: Ferrugem Ultimate | B27: Thiago Ribas | C27: 2 | E27: T RIBAS | F27: 46 | H27: 46 | I27: 46 | J27: Ferrugem Ultimate | K27: 2026 | L27: =VLOOKUP(J27,SERIES!B:K,10,FALSE) -> B | M27: =VLOOKUP(J27,SERIES!B:K,2,FALSE) -> 28 | N27: =VLOOKUP(J27,SERIES!B:K,9,FALSE) -> M | O27: B | P27: B | Q27: 2025 | T27: =H27 -> 46 | U27: 2 | V27: 2026 | W27: true
A28: 08 Ratto FC | B28: Gabriel Ratto2 | C28: 5 | E28: G RATTO | F28: 66 | H28: 69 | I28: 66 | J28: 08 Ratto FC | K28: 2026 | L28: =VLOOKUP(J28,SERIES!B:K,10,FALSE) -> B | M28: =VLOOKUP(J28,SERIES!B:K,2,FALSE) -> 29 | N28: =VLOOKUP(J28,SERIES!B:K,9,FALSE) -> M | O28: B | P28: B | Q28: 2025 | T28: =H28 -> 69 | U28: 2 | V28: 2026 | W28: true
A29: GEJA | B29: Wedgol | C29: 3 | E29: WED | F29: 64 | H29: 64 | I29: 64 | J29: GEJA | K29: 2026 | L29: =VLOOKUP(J29,SERIES!B:K,10,FALSE) -> B | M29: =VLOOKUP(J29,SERIES!B:K,2,FALSE) -> 30 | N29: =VLOOKUP(J29,SERIES!B:K,9,FALSE) -> M | O29: B | P29: B | Q29: 2025 | T29: =H29 -> 64 | U29: 2 | V29: 2026 | W29: true
A30: FUCKER AND SUCKER FC | B30: Veron | C30: 2 | E30: VERON | F30: 62 | H30: 62 | I30: 62 | J30: FUCKER AND SUCKER FC | K30: 2026 | L30: =VLOOKUP(J30,SERIES!B:K,10,FALSE) -> B | M30: =VLOOKUP(J30,SERIES!B:K,2,FALSE) -> 32 | N30: =VLOOKUP(J30,SERIES!B:K,9,FALSE) -> M | O30: B | P30: B | Q30: 2025 | T30: =H30 -> 62 | U30: 2 | V30: 2026 | W30: true
A31: SC Ornaghi Paulista | B31: Eduardo Ribas | C31: 2 | E31: ORNAGHI | F31: 22 | H31: 22 | I31: 22 | J31: SC Ornaghi Paulista | K31: 2026 | L31: =VLOOKUP(J31,SERIES!B:K,10,FALSE) -> B | M31: =VLOOKUP(J31,SERIES!B:K,2,FALSE) -> 33 | N31: =VLOOKUP(J31,SERIES!B:K,9,FALSE) -> M | O31: B | P31: B | Q31: 2025 | T31: =H31 -> 22 | U31: 2 | V31: 2026 | W31: true
A32: Massiminismo FC | B32: Lucas Massimini | C32: 2 | E32: L MASSIMINI | F32: 33 | H32: 33 | I32: 33 | J32: Massiminismo FC | K32: 2026 | L32: =VLOOKUP(J32,SERIES!B:K,10,FALSE) -> B | M32: =VLOOKUP(J32,SERIES!B:K,2,FALSE) -> 35 | N32: =VLOOKUP(J32,SERIES!B:K,9,FALSE) -> M | O32: B | P32: B | Q32: 2025 | T32: =H32 -> 33 | U32: 2 | V32: 2026 | W32: true
A33: Bilao Sport Club | B33: Gabriel Alencar | C33: 4 | E33: G ALENCAR | F33: 65 | H33: 67 | I33: 65 | J33: Bilao Sport Club | K33: 2026 | L33: =VLOOKUP(J33,SERIES!B:K,10,FALSE) -> B | M33: =VLOOKUP(J33,SERIES!B:K,2,FALSE) -> 36 | N33: =VLOOKUP(J33,SERIES!B:K,9,FALSE) -> M | O33: B | P33: B | Q33: 2025 | T33: =H33 -> 67 | U33: 2 | V33: 2026 | W33: true
A34: Botafogo Hell | B34: Gabriel | C34: 2 | E34: G BOTAFOGO | F34: 24 | H34: 24 | I34: 24 | J34: Botafogo Hell | K34: 2026 | L34: =VLOOKUP(J34,SERIES!B:K,10,FALSE) -> C | M34: =VLOOKUP(J34,SERIES!B:K,2,FALSE) -> 41 | N34: =VLOOKUP(J34,SERIES!B:K,9,FALSE) -> P | O34: B | P34: B | Q34: 2025 | T34: =H34 -> 24 | U34: 2 | V34: 2026 | W34: true
A35: Bike Cristo | B35: Maurício Silva | C35: 2 | E35: VEIO DA LARANJA | F35: 39 | H35: 39 | I35: 39 | J35: Bike Cristo | K35: 2026 | L35: =VLOOKUP(J35,SERIES!B:K,10,FALSE) -> C | M35: =VLOOKUP(J35,SERIES!B:K,2,FALSE) -> 42 | N35: =VLOOKUP(J35,SERIES!B:K,9,FALSE) -> P | O35: B | P35: B | Q35: 2025 | T35: =H35 -> 39 | U35: 2 | V35: 2026 | W35: true
A36: J.V.Finhani | B36: Jefferson Finhani | C36: 2 | E36: J FINHANI | F36: 28 | H36: 28 | I36: 28 | J36: J.V.Finhani | K36: 2026 | L36: =VLOOKUP(J36,SERIES!B:K,10,FALSE) -> C | M36: =VLOOKUP(J36,SERIES!B:K,2,FALSE) -> 43 | N36: =VLOOKUP(J36,SERIES!B:K,9,FALSE) -> P | O36: B | P36: B | Q36: 2025 | T36: =H36 -> 28 | U36: 2 | V36: 2026 | W36: true
A37: Adriano ZIZU | B37: Adriano Monteiro | C37: 2 | E37: A ZIZU | F37: 2 | H37: 2 | I37: 2 | J37: Adriano ZIZU | K37: 2026 | L37: =VLOOKUP(J37,SERIES!B:K,10,FALSE) -> C | M37: =VLOOKUP(J37,SERIES!B:K,2,FALSE) -> 45 | N37: =VLOOKUP(J37,SERIES!B:K,9,FALSE) -> M | O37: C | P37: B | Q37: 2025 | T37: =H37 -> 2 | U37: 2 | V37: 2026 | W37: true
... A44: Almi Jr. FC | B44: Almi Jr. | C44: 2 | E44: ALMI | F44: 8 | H44: 8 | I44: 8 | J44: Almi Jr. FC | K44: 2026 | L44: =VLOOKUP(J44,SERIES!B:K,10,FALSE) -> B | M44: =VLOOKUP(J44,SERIES!B:K,2,FALSE) -> 39 | N44: =VLOOKUP(J44,SERIES!B:K,9,FALSE) -> R | O44: C | P44: C | Q44: 2025 | T44: =H44 -> 8 | U44: 3 | V44: 2026 | W44: true
A45: Borussia do Jaguaré | B45: Rogério Lagos | C45: 2 | E45: LAGOS | F45: 59 | H45: 59 | I45: 59 | J45: Borussia do Jaguaré | K45: 2026 | L45: C | M45: 51 | N45: M | O45: C | P45: C | Q45: 2025 | T45: =H45 -> 59 | U45: 3 | V45: 2026 | W45: true
A46: Xuchélides | B46: Chélide Teixeira | C46: 2 | E46: C TEIXEIRA | F46: 16 | H46: 16 | I46: 16 | J46: Xuchélides | K46: 2026 | L46: =VLOOKUP(J46,SERIES!B:K,10,FALSE) -> C | M46: =VLOOKUP(J46,SERIES!B:K,2,FALSE) -> 52 | N46: =VLOOKUP(J46,SERIES!B:K,9,FALSE) -> M | O46: C | P46: C | Q46: 2025 | T46: =H46 -> 16 | U46: 3 | V46: 2026 | W46: true
A47: Bilao Sport FC | B47: Gabriel Alencar | C47: 4 | E47: G ALENCAR | F47: 65 | H47: 66 | I47: 65 | J47: Bilao Sport FC | K47: 2026 | L47: =VLOOKUP(J47,SERIES!B:K,10,FALSE) -> C | M47: =VLOOKUP(J47,SERIES!B:K,2,FALSE) -> 53 | N47: =VLOOKUP(J47,SERIES!B:K,9,FALSE) -> M | O47: C | P47: C | Q47: 2025 | T47: =H47 -> 66 | U47: 3 | V47: 2026 | W47: true
A48: Evans Jr FC | B48: Evanil Junior | C48: 2 | E48: E JUNIOR | F48: 23 | H48: 23 | I48: 23 | J48: Evans Jr FC | K48: 2026 | L48: =VLOOKUP(J48,SERIES!B:K,10,FALSE) -> C | M48: =VLOOKUP(J48,SERIES!B:K,2,FALSE) -> 56 | N48: =VLOOKUP(J48,SERIES!B:K,9,FALSE) -> M | O48: C | P48: C | Q48: 2025 | T48: =H48 -> 23 | U48: 3 | V48: 2026 | W48: true
A49: Diniz Santastico1 | B49: Diniz | C49: 2 | E49: DINIZ | F49: 19 | H49: 19 | I49: 19 | J49: Diniz Santastico1 | K49: 2026 | L49: =VLOOKUP(J49,SERIES!B:K,10,FALSE) -> D | M49: =VLOOKUP(J49,SERIES!B:K,2,FALSE) -> 61 | N49: =VLOOKUP(J49,SERIES!B:K,9,FALSE) -> P | O49: C | P49: C | Q49: 2025 | T49: =H49 -> 19 | U49: 3 | V49: 2026 | W49: true
A50: Nenenzico FC | B50: Carlos Barbosa | C50: 2 | E50: C BARBOSA | F50: 15 | H50: 15 | I50: 15 | J50: Nenenzico FC | K50: 2026 | L50: =VLOOKUP(J50,SERIES!B:K,10,FALSE) -> D | M50: =VLOOKUP(J50,SERIES!B:K,2,FALSE) -> 62 | N50: =VLOOKUP(J50,SERIES!B:K,9,FALSE) -> P | O50: C | P50: C | Q50: 2025 | T50: =H50 -> 15 | U50: 3 | V50: 2026 | W50: true
A51: Joga Tranquilo F.S. | B51: Dreeexx | C51: 2 | E51: DREXX | F51: 20 | H51: 20 | I51: 20 | J51: Joga Tranquilo F.S. | K51: 2026 | L51: =VLOOKUP(J51,SERIES!B:K,10,FALSE) -> D | M51: =VLOOKUP(J51,SERIES!B:K,2,FALSE) -> 63 | N51: =VLOOKUP(J51,SERIES!B:K,9,FALSE) -> P | O51: C | P51: C | Q51: 2025 | T51: =H51 -> 20 | U51: 3 | V51: 2026 | W51: true
A52: CalazansTeam | B52: ALYSON | C52: 2 | E52: A CALAZANS | F52: 9 | H52: 9 | I52: 9 | J52: CalazansTeam | K52: 2026 | L52: =VLOOKUP(J52,SERIES!B:K,10,FALSE) -> D | M52: =VLOOKUP(J52,SERIES!B:K,2,FALSE) -> 65 | N52: =VLOOKUP(J52,SERIES!B:K,9,FALSE) -> M | O52: D | P52: C | Q52: 2025 | T52: =H52 -> 9 | U52: 3 | V52: 2026 | W52: true
A53: Grajaux City F.C. | B53: Douglas Ferreira | C53: 7 | E53: D FERREIRA | F53: 68 | H53: 72 | I53: 68 | J53: Grajaux City F.C. | K53: 2026 | L53: =VLOOKUP(J53,SERIES!B:K,10,FALSE) -> D | M53: =VLOOKUP(J53,SERIES!B:K,2,FALSE) -> 66 | N53: =VLOOKUP(J53,SERIES!B:K,9,FALSE) -> M | O53: D | P53: C | Q53: 2025 | T53: =H53 -> 72 | U53: 3 | V53: 2026 | W53: true
A54: Real Rattaria FC | B54: Gabriel Ratto | C54: 5 | E54: G RATTO | F54: 66 | H54: 68 | I54: 66 | J54: Real Rattaria FC | K54: 2026 | L54: =VLOOKUP(J54,SERIES!B:K,10,FALSE) -> D | M54: =VLOOKUP(J54,SERIES!B:K,2,FALSE) -> 67 | N54: =VLOOKUP(J54,SERIES!B:K,9,FALSE) -> M | O54: D | P54: C | Q54: 2025 | T54: =H54 -> 68 | U54: 3 | V54: 2026 | W54: true
A55: Andrétero FC | B55: André Mendes | C55: 2 | E55: A MENDES | F55: 11 | H55: 11 | I55: 11 | J55: Andrétero FC | K55: 2026 | L55: =VLOOKUP(J55,SERIES!B:K,10,FALSE) -> D | M55: =VLOOKUP(J55,SERIES!B:K,2,FALSE) -> 69 | N55: =VLOOKUP(J55,SERIES!B:K,9,FALSE) -> M | O55: D | P55: C | Q55: 2025 | T55: =H55 -> 11 | U55: 3 | V55: 2026 | W55: true
A56: Allejo Team F.C | B56: Yuri Oliveira | C56: 2 | E56: Y ALLEJO | F56: 49 | H56: 49 | I56: 49 | J56: Allejo Team F.C | K56: 2026 | L56: =VLOOKUP(J56,SERIES!B:K,10,FALSE) -> D | M56: =VLOOKUP(J56,SERIES!B:K,2,FALSE) -> 70 | N56: =VLOOKUP(J56,SERIES!B:K,9,FALSE) -> M | O56: D | P56: C | Q56: 2025 | T56: =H56 -> 49 | U56: 3 | V56: 2026 | W56: true
A57: E.C. Ocram 5.6 | B57: Marcão | C57: 2 | E57: M OCRAM | F57: 36 | H57: 36 | I57: 36 | J57: E.C. Ocram 5.6 | K57: 2026 | L57: D | M57: 71 | N57: M | O57: D | P57: C | Q57: 2025 | T57: =H57 -> 36 | U57: 3 | V57: 2026 | W57: true
A58: Na Midola FC | B58: Shoji | C58: 2 | E58: R SHOJI | F58: 72 | H58: 77 | I58: 72 | J58: Na Midola FC | K58: 2026 | L58: =VLOOKUP(J58,SERIES!B:K,10,FALSE) -> D | M58: =VLOOKUP(J58,SERIES!B:K,2,FALSE) -> 72 | N58: =VLOOKUP(J58,SERIES!B:K,9,FALSE) -> M | O58: D | P58: C | Q58: 2025 | T58: =H58 -> 77 | U58: 3 | V58: 2026 | W58: true
A59: Kings Futebol Club | B59: Michael Reis | C59: 2 | E59: M REIS | F59: 40 | H59: 40 | I59: 40 | J59: Kings Futebol Club | K59: 2026 | L59: =VLOOKUP(J59,SERIES!B:K,10,FALSE) -> D | M59: =VLOOKUP(J59,SERIES!B:K,2,FALSE) -> 74 | N59: =VLOOKUP(J59,SERIES!B:K,9,FALSE) -> M | O59: D | P59: C | Q59: 2025 | T59: =H59 -> 40 | U59: 3 | V59: 2026 | W59: true
A60: Mosby | B60: Felipe Rossi | C60: 2 | E60: F ROSSI | F60: 75 | H60: 80 | I60: 75 | J60: Mosby | K60: 2026 | L60: =VLOOKUP(J60,SERIES!B:K,10,FALSE) -> D | M60: =VLOOKUP(J60,SERIES!B:K,2,FALSE) -> 75 | N60: =VLOOKUP(J60,SERIES!B:K,9,FALSE) -> M | O60: D | P60: C | Q60: 2025 | T60: =H60 -> 80 | U60: 3 | V60: 2026 | W60: true
A61: CR Pelég | B61: Jefferson Lalor | C61: 2 | E61: J LALOR | F61: 29 | H61: 29 | I61: 29 | J61: CR Pelég | K61: 2026 | L61: =VLOOKUP(J61,SERIES!B:K,10,FALSE) -> D | M61: =VLOOKUP(J61,SERIES!B:K,2,FALSE) -> 79 | N61: =VLOOKUP(J61,SERIES!B:K,9,FALSE) -> R | O61: D | P61: C | Q61: 2025 | T61: =H61 -> 29 | U61: 3 | V61: 2026 | W61: true
A62: DuTurolla | B62: Eduardo Turolla | C62: 2 | E62: E TUROLLA | F62: 52 | H62: 52 | I62: 52 | J62: DuTurolla | K62: 2026 | L62: =VLOOKUP(J62,SERIES!B:K,10,FALSE) -> C | M62: =VLOOKUP(J62,SERIES!B:K,2,FALSE) -> 58 | N62: =VLOOKUP(J62,SERIES!B:K,9,FALSE) -> R | O62: D | P62: D | Q62: 2025 | T62: =H62 -> 52 | U62: 4 | V62: 2026 | W62: true
A63: Coxinha Prime | B63: Jhuan Pablo | C63: 2 | E63: J PABLO | F63: 7 | H63: 7 | I63: 7 | J63: Coxinha Prime | K63: 2026 | O63: D | P63: D | Q63: N | T63: =H63 -> 7 | U63: 4 | V63: 2026 | W63: true
A64: LMD FC | B64: Lucas Matias | C64: 2 | E64: L MATIAS | F64: 34 | H64: 34 | I64: 34 | J64: LMD FC | K64: 2026 | O64: N | P64: D | Q64: N | T64: =H64 -> 34 | U64: 4 | V64: 2026 | W64: true
A65: Juquitas FC | B65: WILL SILVA | C65: 2 | E65: W SILVA | F65: 48 | H65: 48 | I65: 48 | J65: Juquitas FC | K65: 2026 | O65: N | P65: D | Q65: N | T65: =H65 -> 48 | U65: 4 | V65: 2026 | W65: true
A66: Lintz Leite FC | B66: Artur | C66: 2 | E66: A LINTZ | F66: 50 | H66: 50 | I66: 50 | J66: Lintz Leite FC | K66: 2026 | O66: N | P66: D | Q66: N | T66: =H66 -> 50 | U66: 4 | V66: 2026 | W66: true
A67: ARREGUYZEIRO | B67: Breno Arreguy | C67: 2 | E67: B ARREGUY | F67: 51 | H67: 51 | I67: 51 | J67: ARREGUYZEIRO | K67: 2026 | O67: N | P67: D | Q67: N | T67: =H67 -> 51 | U67: 4 | V67: 2026 | W67: true
A68: SE Coringas do Piero | B68: Enrico Piero | C68: 2 | E68: E PIERO | F68: 54 | H68: 54 | I68: 54 | J68: SE Coringas do Piero | K68: 2026 | O68: N | P68: D | Q68: N | T68: =H68 -> 54 | U68: 4 | V68: 2026 | W68: true
A69: A Gurizada Tricolor | B69: Nicolas Nicodem | C69: 2 | E69: N NICO | F69: 56 | H69: 56 | I69: 56 | J69: A Gurizada Tricolor | K69: 2026 | O69: N | P69: D | Q69: N | T69: =H69 -> 56 | U69: 4 | V69: 2026 | W69: true
A70: MC Formigão F.C | B70: Alessandro Romero | C70: 2 | E70: A ROMERO | F70: 4 | H70: 4 | I70: 4 | J70: MC Formigão F.C | K70: 2026 | O70: N | P70: D | Q70: N | T70: =H70 -> 4 | U70: 4 | V70: 2026 | W70: true
A71: SE Champz | B71: Caio Gregório | C71: 2 | E71: C GREGORIO | F71: 14 | H71: 14 | I71: 14 | J71: SE Champz | K71: 2026 | O71: N | P71: D | Q71: N | T71: =H71 -> 14 | U71: 4 | V71: 2026 | W71: true
A72: AvantiPalestraFC | B72: Tiago Matias Dias | C72: 2 | E72: T Matias | F72: 70 | H72: 75 | I72: 70 | J72: AvantiPalestraFC | K72: 2026 | O72: N | P72: D | Q72: N | T72: =H72 -> 75 | U72: 4 | V72: 2026 | W72: true
A73: C. Bassi FC | B73: Bassi | C73: 2 | E73: BASSI | F73: 73 | H73: 78 | I73: 73 | J73: C. Bassi FC | K73: 2026 | O73: N | P73: D | Q73: N | T73: =H73 -> 78 | U73: 4 | V73: 2026 | W73: true
A74: Di Levis F.S | B74: Bruno de Oliveira | C74: 2 | E74: B OLIVEIRA | F74: 74 | H74: 79 | I74: 74 | J74: Di Levis F.S | K74: 2026 | O74: N | P74: D | Q74: N | T74: =H74 -> 79 | U74: 4 | V74: 2026 | W74: true
... A83: sccpguifc | B83: G Vasconcelos | C83: 2 | E83: G VASCONCELOS | F83: 77 | H83: 82 | I83: 77 | J83: sccpguifc | K83: 2026 | O83: N | P83: D | Q83: N | T83: =H83 -> 82 | U83: 4 | V83: 2026 | W83: true
A84: S C Taleb Paulista | B84: Taleb | C84: 2 | E84: TALEB | F84: 78 | H84: 83 | I84: 78 | J84: S C Taleb Paulista | K84: 2026 | O84: N | P84: D | Q84: NV | T84: =H84 -> 83

Sheet SERIES
J1: ST | P1: NOME_TIME | Q1: DIV 2025 | R1: POSICAO EM 2025 | S1: DIV 2026 D | T1: MOTIVO | U1: status[
A2: A | B2: Maletinhas F.C. | C2: 1 | D2: RICARDO MALETA | E2: 81 | F2: 29 | G2: 0 | H2: 9 | I2: 3262.38 | J2: C | K2: A | L2: =VLOOKUP(B2,ORG!J:K,2,FALSE) -> 2026 | P2: Maletinhas F.C. | Q2: A | R2: 1 | S2: A | T2: FICOU NA SERIE | U2: 2025
A3: A | B3: Sobottka FC 633 | C3: 2 | D3: GUSTAVO NERY | E3: 65 | F3: 23 | G3: 0 | H3: 15 | I3: 3291.58 | J3: M | K3: A | L3: =VLOOKUP(B3,ORG!J:K,2,FALSE) -> 2026 | P3: Sobottka FC 633 | Q3: A | R3: 2 | S3: A | T3: FICOU NA SERIE | U3: 2025
A4: A | B4: GIGANTES MORUMBI F.C | C4: 3 | D4: SERGIO GARCIA | E4: 62 | F4: 23 | G4: 0 | H4: 15 | I4: 3235.59 | J4: M | K4: A | L4: =VLOOKUP(B4,ORG!J:K,2,FALSE) -> 2026 | P4: GIGANTES MORUMBI F.C | Q4: A | R4: 3 | S4: A | T4: FICOU NA SERIE | U4: 2025
A5: A | B5: Adshow17 F.C | C5: 4 | D5: ADSON MENDES | E5: 60 | F5: 21 | G5: 0 | H5: 17 | I5: 3222.62 | J5: M | K5: A | L5: =VLOOKUP(B5,ORG!J:K,2,FALSE) -> 2026 | P5: Adshow17 F.C | Q5: A | R5: 4 | S5: A | T5: FICOU NA SERIE | U5: 2025
A6: A | B6: Schuletroll | C6: 5 | D6: SCHULAI 1 | E6: 60 | F6: 21 | G6: 0 | H6: 17 | I6: 3052.98 | J6: M | K6: A | L6: =VLOOKUP(B6,ORG!J:K,2,FALSE) -> 2026 | P6: Schuletroll | Q6: A | R6: 5 | S6: A | T6: FICOU NA SERIE | U6: 2025
A7: A | B7: LissaoCruzmaltino FC | C7: 6 | D7: LISSAO | E7: 59 | F7: 21 | G7: 0 | H7: 17 | I7: 3181.07 | J7: M | K7: A | L7: 2026 | P7: CamisaNegra FC | Q7: A | R7: 6 | S7: A | T7: FICOU NA SERIE | U7: 2025
A8: A | B8: Mitinga`s F.C | C8: 7 | D8: MARCEL CANTALEGO | E8: 58 | F8: 20 | G8: 0 | H8: 18 | I8: 3291.53 | J8: M | K8: A | L8: =VLOOKUP(B8,ORG!J:K,2,FALSE) -> 2026 | P8: Mitinga`s F.C | Q8: A | R8: 7 | S8: A | T8: FICOU NA SERIE | U8: 2025
A9: A | B9: FOI O QUE SOBROU | C9: 8 | D9: EDIPO MACEDO | E9: 55 | F9: 20 | G9: 0 | H9: 18 | I9: 3278.83 | J9: M | K9: A | L9: =VLOOKUP(B9,ORG!J:K,2,FALSE) -> 2026 | P9: FOI O QUE SOBROU | Q9: A | R9: 8 | S9: A | T9: FICOU NA SERIE | U9: 2025
A10: A | B10: Vuduzera | C10: 9 | D10: VUDU | E10: 54 | F10: 19 | G10: 0 | H10: 19 | I10: 3197.48 | J10: M | K10: A | L10: =VLOOKUP(B10,ORG!J:K,2,FALSE) -> 2026 | P10: Vuduzera | Q10: A | R10: 9 | S10: A | T10: FICOU NA SERIE | U10: 2025
A11: A | B11: ZEKABOLEIRO | C11: 10 | D11: RICARDO TRIPAO | E11: 54 | F11: 19 | G11: 0 | H11: 19 | I11: 3120.55 | J11: M | K11: A | L11: =VLOOKUP(B11,ORG!J:K,2,FALSE) -> 2026 | P11: ZEKABOLEIRO | Q11: A | R11: 10 | S11: A | T11: FICOU NA SERIE | U11: 2025
A12: A | B12: #Santos.Z/O | C12: 11 | D12: ALLAN SANTOS | E12: 53 | F12: 20 | G12: 0 | H12: 18 | I12: 3141.74 | J12: M | K12: A | L12: =VLOOKUP(B12,ORG!J:K,2,FALSE) -> #N/A | P12: EmesuShow Porcolino | Q12: A | R12: 12 | S12: A | T12: FICOU NA SERIE | U12: 2025
A13: A | B13: EmesuShow Porcolino | C13: 12 | D13: EMERSON PORCOLINO | E13: 52 | F13: 19 | G13: 0 | H13: 19 | I13: 3106.05 | J13: M | K13: A | L13: =VLOOKUP(B13,ORG!J:K,2,FALSE) -> 2026 | P13: TIMAO R.F.G | Q13: A | R13: 13 | S13: A | T13: FICOU NA SERIE | U13: 2025
A14: A | B14: RCUNHA S.C.C.P | C14: 13 | D14: ROBSON CUNHA | E14: 49 | F14: 17 | G14: 0 | H14: 21 | I14: 3115.84 | J14: M | K14: A | L14: 2026 | P14: PALM£IRAS S.E.P. | Q14: A | R14: 14 | S14: A | T14: FICOU NA SERIE | U14: 2025
A15: A | B15: Paleztra's Club | C15: 14 | D15: DIEGO PALMEIRESEN | E15: 48 | F15: 18 | G15: 0 | H15: 20 | I15: 3167.06 | J15: M | K15: A | L15: 2026 | P15: ZAGO PRATIS FC | Q15: A | R15: 16 | S15: A | T15: FICOU NA SERIE | U15: 2025
A16: A | B16: A.C. Fontana | C16: 15 | D16: ANDRE FONTANA | E16: 48 | F16: 18 | G16: 0 | H16: 20 | I16: 3121.49 | J16: M | K16: A | L16: =VLOOKUP(B16,ORG!J:K,2,FALSE) -> #N/A | P16: Luket Wanderes fc | Q16: B | R16: 21 | S16: A | T16: VAGA DIRETA | U16: 2025
A17: A | B17: REAL SARANDI CLUBE | C17: 16 | D17: ANDRE PRATS | E17: 46 | F17: 17 | G17: 0 | H17: 21 | I17: 2924.75 | J17: M | K17: A | L17: 2026 | P17: Amigos do Loco Abreu | Q17: B | R17: 22 | S17: A | T17: VAGA DIRETA | U17: 2025
A18: A | B18: Ipanema13 | C18: 17 | D18: ALEXANDRE IPANEMA | E18: 42 | F18: 16 | G18: 0 | H18: 22 | I18: 3190.84 | J18: R | K18: A | L18: =VLOOKUP(B18,ORG!J:K,2,FALSE) -> 2026 | P18: Metamoney F.C | Q18: B | R18: 23 | S18: A | T18: VAGA DIRETA | U18: 2025
A19: A | B19: OtoPat@ma | C19: 18 | D19: PAULO OTO | E19: 42 | F19: 15 | G19: 0 | H19: 23 | I19: 2970.04 | J19: R | K19: A | L19: =VLOOKUP(B19,ORG!J:K,2,FALSE) -> 2026 | P19: Silasbrs FC | Q19: B | R19: 24 | S19: A | T19: VAGA DIRETA | U19: 2025
A20: A | B20: Brabo Globetrotters | C20: 19 | D20: EDUARDO BRABO | E20: 41 | F20: 15 | G20: 0 | H20: 23 | I20: 2969.69 | J20: R | K20: A | L20: =VLOOKUP(B20,ORG!J:K,2,FALSE) -> 2026 | P20: Os Porko é Loko - Z/O | Q20: B | R20: 25 | S20: A | T20: VAGA POR DESISTENCIA | U20: 2025
A21: A | B21: Abóbora Futebol C | C21: 20 | D21: WELLIGTON ABOBORA | E21: 25 | F21: 9 | G21: 0 | H21: 29 | I21: 2472.85 | J21: R | K21: A | L21: =VLOOKUP(B21,ORG!J:K,2,FALSE) -> 2026 | P21: CRPELUSO | Q21: B | R21: 26 | S21: A | T21: VAGA POR DESISTENCIA | U21: 2025
P22: Ipanema13 | Q22: A | R22: 17 | S22: B | T22: REBAIXADO | U22: 2025
A23: B | B23: Luket Wanderes fc | C23: 21 | D23: LUCAT | E23: 78 | F23: 26 | G23: 1 | H23: 11 | I23: 3253.38 | J23: P | K23: B | L23: =VLOOKUP(B23,ORG!J:K,2,FALSE) -> 2026 | P23: OtoPat@ma | Q23: A | R23: 18 | S23: B | T23: REBAIXADO | U23: 2025
A24: B | B24: Amigos do Loco Abreu | C24: 22 | D24: RICARDO FILGUEIRAS | E24: 71 | F24: 26 | G24: 0 | H24: 12 | I24: 3224.90 | J24: P | K24: B | L24: =VLOOKUP(B24,ORG!J:K,2,FALSE) -> 2026 | P24: Brabo Globetrotters | Q24: A | R24: 19 | S24: B | T24: REBAIXADO | U24: 2025
A25: B | B25: Metamoney F.C | C25: 23 | D25: MARCIO GAI | E25: 69 | F25: 24 | G25: 1 | H25: 13 | I25: 3197.31 | J25: P | K25: B | L25: =VLOOKUP(B25,ORG!J:K,2,FALSE) -> 2026 | P25: Abóbora Futebol C | Q25: A | R25: 20 | S25: B | T25: REBAIXADO | U25: 2025
A26: B | B26: Silasbrs FC | C26: 24 | D26: SILINHAS | E26: 66 | F26: 23 | G26: 0 | H26: 15 | I26: 3221.26 | J26: P | K26: B | L26: =VLOOKUP(B26,ORG!J:K,2,FALSE) -> 2026 | P26: Sempre ForteF.C. | Q26: B | R26: 27 | S26: B | T26: FICOU NA SERIE | U26: 2025
A27: B | B27: Os Porko é Loko - Z/O | C27: 25 | D27: ANDERSON PORKO | E27: 63 | F27: 22 | G27: 0 | H27: 16 | I27: 3142.21 | J27: M | K27: B | L27: =VLOOKUP(B27,ORG!J:K,2,FALSE) -> 2026 | P27: Ferrugem Ultimate | Q27: B | R27: 28 | S27: B | T27: FICOU NA SERIE | U27: 2025
A28: B | B28: CRPELUSO | C28: 26 | D28: CLAUDIO PELUSO | E28: 60 | F28: 20 | G28: 0 | H28: 18 | I28: 3247.64 | J28: M | K28: B | L28: =VLOOKUP(B28,ORG!J:K,2,FALSE) -> 2026 | P28: 08 Ratto FC | Q28: B | R28: 29 | S28: B | T28: FICOU NA SERIE | U28: 2025
A29: B | B29: Sempre ForteF.C. | C29: 27 | D29: JONATHAN BATATA | E29: 60 | F29: 22 | G29: 0 | H29: 16 | I29: 3156.98 | J29: M | K29: B | L29: =VLOOKUP(B29,ORG!J:K,2,FALSE) -> 2026 | P29: GEJA | Q29: B | R29: 30 | S29: B | T29: FICOU NA SERIE | U29: 2025
A30: B | B30: Ferrugem Ultimate | C30: 28 | D30: THIAGO RIBAS | E30: 57 | F30: 20 | G30: 0 | H30: 18 | I30: 2895.37 | J30: M | K30: B | L30: =VLOOKUP(B30,ORG!J:K,2,FALSE) -> 2026 | P30: FUCKER AND SUCKER FC | Q30: B | R30: 32 | S30: B | T30: FICOU NA SERIE | U30: 2025
A31: B | B31: 08 Ratto FC | C31: 29 | D31: GABRIEL RATTO 1 | E31: 56 | F31: 20 | G31: 0 | H31: 18 | I31: 3250.32 | J31: M | K31: B | L31: =VLOOKUP(B31,ORG!J:K,2,FALSE) -> 2026 | P31: SC Ornaghi Paulista | Q31: B | R31: 33 | S31: B | T31: FICOU NA SERIE | U31: 2025
A32: B | B32: GEJA | C32: 30 | D32: WEDSON | E32: 54 | F32: 19 | G32: 0 | H32: 19 | I32: 3040.39 | J32: M | K32: B | L32: =VLOOKUP(B32,ORG!J:K,2,FALSE) -> 2026 | P32: Massiminismo FC | Q32: B | R32: 35 | S32: B | T32: FICOU NA SERIE | U32: 2025
A33: B | B33: SOROCITYSOCCER | C33: 31 | D33: ALEX TENIS MOURA | E33: 53 | F33: 19 | G33: 0 | H33: 19 | I33: 2959.86 | J33: M | K33: B | L33: =VLOOKUP(B33,ORG!J:K,2,FALSE) -> #N/A | P33: Bilao Sport Club | Q33: B | R33: 36 | S33: B | T33: FICOU NA SERIE | U33: 2025
A34: B | B34: FUCKER AND SUCKER FC | C34: 32 | D34: VERON | E34: 51 | F34: 18 | G34: 0 | H34: 20 | I34: 3105.52 | J34: M | K34: B | L34: =VLOOKUP(B34,ORG!J:K,2,FALSE) -> 2026 | P34: Botafogo Hell | Q34: C | R34: 41 | S34: B | T34: VAGA DIRETA | U34: 2025
... A41: B | B41: Almi Jr. FC | C41: 39 | D41: ALMI JUNIOR | E41: 32 | F41: 11 | G41: 0 | H41: 27 | I41: 2894.92 | J41: R | K41: B | L41: =VLOOKUP(B41,ORG!J:K,2,FALSE) -> 2026 | P41: Centenario Alviverde | Q41: C | R41: 50 | S41: B | T41: VAGA POR DESISTENCIA | U41: 2025
A42: B | B42: Caixão do Papaco | C42: 40 | D42: ADRIANO CUNHA EL LOUCO | E42: 31 | F42: 11 | G42: 0 | H42: 27 | I42: 2199.52 | J42: R | K42: B | P42: Gabirobense | Q42: B | R42: 37 | S42: C | T42: REBAIXADO | U42: 2025
P43: APELÕES FUTEBOL CLUB | Q43: B | R43: 38 | S43: C | T43: REBAIXADO | U43: 2025
A44: C | B44: Botafogo Hell | C44: 41 | D44: GABRIEL VUDU | E44: 77 | F44: 27 | G44: 1 | H44: 10 | I44: 3296.15 | J44: P | K44: C | L44: =VLOOKUP(B44,ORG!J:K,2,FALSE) -> 2026 | P44: Almi Jr. FC | Q44: B | R44: 39 | S44: C | T44: REBAIXADO | U44: 2025
A45: C | B45: Bike Cristo | C45: 42 | D45: MAURÍCIO VÉIO DA LARANJA | E45: 76 | F45: 27 | G45: 0 | H45: 11 | I45: 3268.83 | J45: P | K45: C | L45: =VLOOKUP(B45,ORG!J:K,2,FALSE) -> 2026 | P45: Borussia do Jaguaré | Q45: C | R45: 51 | S45: C | T45: FICOU NA SERIE | U45: 2025
A46: C | B46: J.V.Finhani | C46: 43 | D46: JEFFERSON FINHANI TI | E46: 75 | F46: 26 | G46: 0 | H46: 12 | I46: 3191.28 | J46: P | K46: C | L46: =VLOOKUP(B46,ORG!J:K,2,FALSE) -> 2026 | P46: Xuchélides | Q46: C | R46: 52 | S46: C | T46: FICOU NA SERIE | U46: 2025
A47: C | B47: SFC Diamond Dogs | C47: 44 | D47: AURO JR | E47: 72 | F47: 25 | G47: 0 | H47: 13 | I47: 3174.08 | J47: P | K47: C | L47: =VLOOKUP(B47,ORG!J:K,2,FALSE) -> #N/A | P47: Bilao Sport FC | Q47: C | R47: 53 | S47: C | T47: FICOU NA SERIE | U47: 2025
A48: C | B48: Adriano ZIZU | C48: 45 | D48: ADRIANO ZIZU | E48: 68 | F48: 23 | G48: 0 | H48: 15 | I48: 3109.94 | J48: M | K48: C | L48: =VLOOKUP(B48,ORG!J:K,2,FALSE) -> 2026 | P48: Evans Jr FC | Q48: C | R48: 56 | S48: C | T48: FICOU NA SERIE | U48: 2025
A49: C | B49: HPano FC | C49: 46 | D49: HENRIQUE VUDU | E49: 67 | F49: 23 | G49: 0 | H49: 15 | I49: 3328.61 | J49: M | K49: C | L49: =VLOOKUP(B49,ORG!J:K,2,FALSE) -> 2026 | P49: Diniz Santastico1 | Q49: D | R49: 61 | S49: C | T49: VAGA DIRETA | U49: 2025
A50: C | B50: A D Peaky Blinders | C50: 47 | D50: CARLOS CAJURU | E50: 66 | F50: 23 | G50: 0 | H50: 15 | I50: 3062.95 | J50: M | K50: C | L50: =VLOOKUP(B50,ORG!J:K,2,FALSE) -> 2026 | P50: Nenenzico FC | Q50: D | R50: 62 | S50: C | T50: VAGA DIRETA | U50: 2025
A51: C | B51: Mala03Fc | C51: 48 | D51: DUCATI MALA | E51: 64 | F51: 23 | G51: 0 | H51: 15 | I51: 3077.09 | J51: M | K51: C | L51: =VLOOKUP(B51,ORG!J:K,2,FALSE) -> 2026 | P51: Joga Tranquilo F.S. | Q51: D | R51: 63 | S51: C | T51: VAGA DIRETA | U51: 2025
A52: C | B52: Sanlutty FC | C52: 49 | D52: LUTTY | E52: 64 | F52: 22 | G52: 0 | H52: 16 | I52: 3033.06 | J52: M | K52: C | L52: =VLOOKUP(B52,ORG!J:K,2,FALSE) -> #N/A | P52: CalazansTeam | Q52: D | R52: 65 | S52: C | T52: VAGA POR DESISTENCIA | U52: 2025
A53: C | B53: Centenario Alviverde | C53: 50 | D53: ALLAN JAMES | E53: 62 | F53: 21 | G53: 0 | H53: 17 | I53: 3080.53 | J53: M | K53: C | L53: =VLOOKUP(B53,ORG!J:K,2,FALSE) -> 2026 | P53: Grajaux City F.C. | Q53: D | R53: 66 | S53: C | T53: VAGA POR DESISTENCIA | U53: 2025
A54: C | B54: Borussia da Pompeia | C54: 51 | D54: ROGÉRIO LAGOS | E54: 61 | F54: 21 | G54: 0 | H54: 17 | I54: 3051.13 | J54: M | K54: C | L54: 2026 | P54: Real Rattaria FC | Q54: D | R54: 67 | S54: C | T54: VAGA POR DESISTENCIA | U54: 2025
A55: C | B55: Xuchélides | C55: 52 | D55: CHELIDE | E55: 61 | F55: 22 | G55: 1 | H55: 15 | I55: 2909.51 | J55: M | K55: C | L55: =VLOOKUP(B55,ORG!J:K,2,FALSE) -> 2026 | P55: Andrétero FC | Q55: D | R55: 69 | S55: C | T55: VAGA POR DESISTENCIA | U55: 2025
A56: C | B56: Bilao Sport FC | C56: 53 | D56: GABRIEL LAGOS 2 | E56: 55 | F56: 19 | G56: 0 | H56: 19 | I56: 3054.87 | J56: M | K56: C | L56: =VLOOKUP(B56,ORG!J:K,2,FALSE) -> 2026 | P56: Allejo Team F.C | Q56: D | R56: 70 | S56: C | T56: VAGA POR DESISTENCIA | U56: 2025
A57: C | B57: RIMLAFC | C57: 54 | D57: ALMIR RIMLAFC | E57: 53 | F57: 19 | G57: 0 | H57: 19 | I57: 2752.76 | J57: M | K57: C | L57: =VLOOKUP(B57,ORG!J:K,2,FALSE) -> #N/A | P57: E.C. Ocram 5.6 | Q57: D | R57: 71 | S57: C | T57: VAGA POR DESISTENCIA | U57: 2025
A58: C | B58: Yorks Gamora & Goku FC | C58: 55 | D58: WESLEY YORKS | E58: 47 | F58: 16 | G58: 0 | H58: 22 | I58: 2784.00 | J58: M | K58: C | L58: =VLOOKUP(B58,ORG!J:K,2,FALSE) -> #N/A | P58: Na Midola FC | Q58: D | R58: 72 | S58: C | T58: VAGA POR DESISTENCIA | U58: 2025
A59: C | B59: Evans Jr FC | C59: 56 | D59: EVANIL | E59: 36 | F59: 13 | G59: 0 | H59: 25 | I59: 2670.20 | J59: M | K59: C | L59: =VLOOKUP(B59,ORG!J:K,2,FALSE) -> 2026 | P59: Kings Futebol Club | Q59: D | R59: 74 | S59: C | T59: VAGA POR DESISTENCIA | U59: 2025
A60: C | B60: P@rdall FC | C60: 57 | D60: LEANDRO CANHISARES PARDAL | E60: 31 | F60: 11 | G60: 0 | H60: 27 | I60: 2183.83 | J60: R | K60: C | L60: =VLOOKUP(B60,ORG!J:K,2,FALSE) -> #N/A | P60: Mosby | Q60: D | R60: 75 | S60: C | T60: VAGA POR DESISTENCIA | U60: 2025
A61: C | B61: DuTurolla | C61: 58 | D61: EDUARDO TUROLLA | E61: 26 | F61: 10 | G61: 0 | H61: 28 | I61: 1692.22 | J61: R | K61: C | L61: =VLOOKUP(B61,ORG!J:K,2,FALSE) -> 2026 | P61: CR Pelég | Q61: D | R61: 79 | S61: C | T61: VAGA POR DESISTENCIA | U61: 2025
A62: C | B62: Zona Leste Paulista | C62: 59 | D62: ALLEN | E62: 17 | F62: 6 | G62: 0 | H62: 32 | I62: 1689.29 | J62: R | K62: C | L62: =VLOOKUP(B62,ORG!J:K,2,FALSE) -> #N/A | P62: DuTurolla | Q62: C | R62: 58 | S62: D | T62: REBAIXADO | U62: 2025
A63: C | B63: RMENEGHETTI | C63: 60 | D63: RICHARD MENEGUETI | E63: 6 | F63: 2 | G63: 0 | H63: 36 | I63: 1487.35 | J63: R | K63: C | L63: =VLOOKUP(B63,ORG!J:K,2,FALSE) -> #N/A | P63: Zona Leste Paulista | Q63: C | R63: 59 | S63: D | T63: REBAIXADO | U63: 2025
P64: LMD FC | S64: D | T64: NOVATO | U64: N
A65: D | B65: Diniz Santastico1 | C65: 61 | D65: DINIZ SANTASTICO | E65: 77 | F65: 27 | G65: 0 | H65: 11 | I65: 3346.20 | J65: P | K65: D | L65: =VLOOKUP(B65,ORG!J:K,2,FALSE) -> 2026 | P65: Juquitas FC | S65: D | T65: NOVATO | U65: N
A66: D | B66: Nenenzico FC | C66: 62 | D66: CARLOS BARBOSA NENEN | E66: 75 | F66: 26 | G66: 0 | H66: 12 | I66: 3157.53 | J66: P | K66: D | L66: =VLOOKUP(B66,ORG!J:K,2,FALSE) -> 2026 | P66: Lintz Leite FC | S66: D | T66: NOVATO | U66: N
A67: D | B67: Joga Tranquilo F.S. | C67: 63 | D67: ANDRE ORELHA | E67: 73 | F67: 26 | G67: 0 | H67: 12 | I67: 3268.66 | J67: P | K67: D | L67: =VLOOKUP(B67,ORG!J:K,2,FALSE) -> 2026 | P67: ARREGUYZEIRO | S67: D | T67: NOVATO | U67: N
A68: D | B68: Dornel Cruel | C68: 64 | D68: EDUARDO DORNEL RIBAS | E68: 73 | F68: 26 | G68: 0 | H68: 12 | I68: 3239.25 | J68: P | K68: D | L68: =VLOOKUP(B68,ORG!J:K,2,FALSE) -> #N/A | P68: SE Coringas do Piero | S68: D | T68: NOVATO | U68: N
A69: D | B69: CalazansTeam | C69: 65 | D69: ALYSON CALAZANS | E69: 70 | F69: 24 | G69: 0 | H69: 14 | I69: 3244.03 | J69: M | K69: D | L69: =VLOOKUP(B69,ORG!J:K,2,FALSE) -> 2026 | P69: A Gurizada Tricolor | S69: D | T69: NOVATO | U69: N
A70: D | B70: Grajaux City F.C. | C70: 66 | D70: DOUGLAS FERREIRA | E70: 68 | F70: 24 | G70: 0 | H70: 14 | I70: 3245.59 | J70: M | K70: D | L70: =VLOOKUP(B70,ORG!J:K,2,FALSE) -> 2026 | P70: MC Formigão F.C | S70: D | T70: NOVATO | U70: N
A71: D | B71: Real Rattaria FC | C71: 67 | D71: GABRIEL RATTO 2 | E71: 65 | F71: 24 | G71: 0 | H71: 14 | I71: 3098.91 | J71: M | K71: D | L71: =VLOOKUP(B71,ORG!J:K,2,FALSE) -> 2026 | P71: SE Champz | S71: D | T71: NOVATO | U71: N
A72: D | B72: Olimpingas Sport Club | C72: 68 | D72: DANIEL QUIRINO | E72: 63 | F72: 22 | G72: 0 | H72: 16 | I72: 3106.44 | J72: M | K72: D | L72: =VLOOKUP(B72,ORG!J:K,2,FALSE) -> #N/A | P72: AvantiPalestraFC | S72: D | T72: NOVATO | U72: N
A73: D | B73: Andrétero FC | C73: 69 | D73: ANDRÉ TREVIZANI | E73: 62 | F73: 22 | G73: 0 | H73: 16 | I73: 3189.99 | J73: M | K73: D | L73: =VLOOKUP(B73,ORG!J:K,2,FALSE) -> 2026 | P73: C. Bassi FC | S73: D | T73: NOVATO | U73: N
A74: D | B74: Allejo Team F.C | C74: 70 | D74: YURI ALLEJO | E74: 61 | F74: 21 | G74: 0 | H74: 17 | I74: 3094.12 | J74: M | K74: D | L74: =VLOOKUP(B74,ORG!J:K,2,FALSE) -> 2026 | P74: Di Levis F.S | S74: D | T74: NOVATO | U74: N
A75: D | B75: E.C. Ocram 5.5 | C75: 71 | D75: MARCÃO LUCAT | E75: 58 | F75: 21 | G75: 0 | H75: 17 | I75: 3298.05 | J75: M | K75: D | L75: 2026 | P75: Tupinianos FC | S75: D | T75: SEGUNDO TIME | U75: ND
A76: D | B76: Na Midola FC | C76: 72 | D76: RICARDO SHOJI | E76: 50 | F76: 18 | G76: 0 | H76: 20 | I76: 2958.88 | J76: M | K76: D | L76: =VLOOKUP(B76,ORG!J:K,2,FALSE) -> 2026 | P76: Wedgol | S76: D | T76: SEGUNDO TIME | U76: ND
A77: D | B77: Diogo Alviverde Imponente | C77: 73 | D77: DIOGO CALVIN 1 | E77: 49 | F77: 17 | G77: 0 | H77: 21 | I77: 3099.17 | J77: M | K77: D | L77: =VLOOKUP(B77,ORG!J:K,2,FALSE) -> #N/A | P77: Pelicano Papada F.C | S77: D | T77: SEGUNDO TIME | U77: ND
A78: D | B78: Kings Futebol Club | C78: 74 | D78: MICHAEL REIS | E78: 48 | F78: 17 | G78: 0 | H78: 21 | I78: 2893.00 | J78: M | K78: D | L78: =VLOOKUP(B78,ORG!J:K,2,FALSE) -> 2026 | P78: Futebol Samba Resenha (FSR) | S78: D | T78: RETORNO A LIGA | U78: NV
A79: D | B79: Mosby | C79: 75 | D79: FELIPE MOSBY | E79: 47 | F79: 17 | G79: 0 | H79: 21 | I79: 2949.68 | J79: M | K79: D | L79: =VLOOKUP(B79,ORG!J:K,2,FALSE) -> 2026 | P79: BURZA10 F C | S79: D | T79: RETORNO A LIGA | U79: NV
A80: D | B80: Timao do Otao | C80: 76 | D80: OTAVIO DAMASCENO | E80: 36 | F80: 12 | G80: 0 | H80: 26 | I80: 2536.86 | J80: M | K80: D | L80: =VLOOKUP(B80,ORG!J:K,2,FALSE) -> #N/A | P80: Andico F.C | S80: D | T80: RETORNO A LIGA | U80: NV
A81: D | B81: Xungas FC | C81: 77 | D81: CAIO BENJA | E81: 34 | F81: 12 | G81: 0 | H81: 26 | I81: 2332.97 | J81: R | K81: D | L81: =VLOOKUP(B81,ORG!J:K,2,FALSE) -> #N/A | P81: Lanterninha Futebol Clube | S81: D | T81: RETORNO A LIGA | U81: NV
A82: D | B82: FC Felipe Henrique | C82: 78 | D82: FELIPE HENRIQUE | E82: 33 | F82: 12 | G82: 0 | H82: 26 | I82: 2113.67 | J82: R | K82: D | L82: =VLOOKUP(B82,ORG!J:K,2,FALSE) -> #N/A
A83: D | B83: CR Pelég | C83: 79 | D83: JEFFERSON LALOR | E83: 26 | F83: 9 | G83: 0 | H83: 29 | I83: 1687.58 | J83: R | K83: D | L83: =VLOOKUP(B83,ORG!J:K,2,FALSE) -> 2026
A84: D | B84: Collados FC | C84: 80 | D84: MARCOS COLLADO | E84: 8 | F84: 3 | G84: 0 | H84: 35 | I84: 1570.93 | J84: R | K84: D | L84: =VLOOKUP(B84,ORG!J:K,2,FALSE) -> #N/A

Sheet GERAL 2025
A1: Ordem | B1: Jogador | C1: Time | D1: Pontos
A2: 74 | B2: ADRIANO CUNHA EL LOUCO | C2: Caixão do Papaco | D2: 2199.52
A3: 37 | B3: ADRIANO ZIZU | C3: Adriano ZIZU | D3: 3109.94
A4: 20 | B4: ADSON MENDES | C4: Adshow17 F.C | D4: 3222.62
A5: 56 | B5: ALEX TENIS MOURA | C5: SOROCITYSOCCER | D5: 2959.86
A6: 25 | B6: ALEXANDRE IPANEMA | C6: Ipanema13 | D6: 3190.84
A7: 44 | B7: ALLAN JAMES | C7: Centenario Alviverde | D7: 3080.53
A8: 33 | B8: ALLAN SANTOS | C8: #Santos.Z/O | D8: 3141.74
A9: 78 | B9: ALLEN | C9: Zona Leste Paulista | D9: 1689.29
A10: 62 | B10: ALMI JUNIOR | C10: Almi Jr. FC | D10: 2894.92
A11: 67 | B11: ALMIR RIMLAFC | C11: RIMLAFC | D11: 2752.76
A12: 16 | B12: ALYSON CALAZANS | C12: CalazansTeam | D12: 3244.03
A13: 32 | B13: ANDERSON PORKO | C13: Os Porko é Loko - Z/O | D13: 3142.21
... A62: 9 | B62: MAURÍCIO VÉIO DA LARANJA | C62: Bike Cristo | D62: 3268.83
A63: 63 | B63: MICHAEL REIS | C63: Kings Futebol Club | D63: 2893
A64: 70 | B64: OTAVIO DAMASCENO | C64: Timao do Otao | D64: 2536.86
A65: 53 | B65: PAULO OTO | C65: OtoPat@ma | D65: 2970.04
A66: 19 | B66: RICARDO FILGUEIRAS | C66: Amigos do Loco Abreu | D66: 3224.9
A67: 11 | B67: RICARDO MALETA | C67: Maletinhas F.C. | D67: 3262.38
A68: 57 | B68: RICARDO SHOJI | C68: Na Midola FC | D68: 2958.88
A69: 35 | B69: RICARDO TRIPAO | C69: ZEKABOLEIRO | D69: 3120.55
A70: 81 | B70: RICHARD MENEGUETI | C70: RMENEGHETTI | D70: 1487.35
A71: 36 | B71: ROBSON CUNHA | C71: RCUNHA S.C.C.P | D71: 3115.84
A72: 49 | B72: ROGÉRIO LAGOS | C72: Borussia da Pompeia | D72: 3051.13
A73: 48 | B73: SCHULAI 1 | C73: Schuletroll | D73: 3052.98
A74: 18 | B74: SERGIO GARCIA | C74: GIGANTES MORUMBI F.C | D74: 3235.59
A75: 21 | B75: SILINHAS | C75: Silasbrs FC | D75: 3221.26
... A80: 71 | B80: WELLIGTON ABOBORA | C80: Abóbora Futebol C | D80: 2472.85
A81: 66 | B81: WESLEY YORKS | C81: Yorks Gamora & Goku FC | D81: 2784
A82: 43 | B82: YURI ALLEJO | C82: Allejo Team F.C | D82: 3094.12

Sheet DUPLAS
A2: CalazansTeam | N2: FOI O QUE SOBROU
A3: ALYSON | N3: V. ÉDIPO
A4: 136.77 | N4: 119.98
A5: 1º | N5: 1º
A6: Escalou | N6: Não Escalou
A7: Acessar o perfil do time Parrudo'S Team | N7: Acessar o perfil do time Mariliense F.C
A9: Parrudo'S Team | N9: Mariliense F.C
A10: Diego Longo | N10: Nick
A11: 128.61 | N11: 109.08
A12: 2º | N12: 2º
A13: Não Escalou | N13: Não Escalou
A14: Acessar o perfil do time GIGANTES MORUMBI F.C | N14: Acessar o perfil do time DEIZÃO FUTEBOL CLUBE
... A405: Não Escalou | N405: Não Escalou
N406: Carregar mais

Sheet Col Val D
B1: b2 | E1: b2 | H1: b2 | K1: b2
A2: Xuchélides | B2: 1 | D2: nascimento124 | E2: 1 | G2: CalazansTeam | H2: 1 | J2: FOI O QUE SOBROU | K2: 1
A3: Chélide Teixeira | B3: 2 | D3: enzo nascimento | E3: 2 | G3: ALYSON | H3: 2 | J3: V. ÉDIPO | K3: 2
A4: 92.81 | B4: 3 | D4: 102.26 | E4: 3 | G4: 136.77 | H4: 3 | J4: 119.98 | K4: 3
A5: 1º | B5: 4 | D5: 1º | E5: 4 | G5: 1º | H5: 4 | J5: 1º | K5: 4
A6: Não Escalou | B6: 5 | D6: Não Escalou | E6: 5 | G6: Escalou | H6: 5 | J6: Não Escalou | K6: 5
A7: Acessar o perfil do time Grajaux City F.C. | B7: 6 | D7: Acessar o perfil do time Juquitas FC | E7: 6 | G7: Acessar o perfil do time Parrudo'S Team | H7: 6 | J7: Acessar o perfil do time Mariliense F.C | K7: 6
B8: 7 | E8: 7 | H8: 7 | K8: 7
A9: Grajaux City F.C. | B9: 1 | D9: Juquitas FC | E9: 1 | G9: Parrudo'S Team | H9: 1 | J9: Mariliense F.C | K9: 1
A10: Douglas Ferreira | B10: 2 | D10: WILL SILVA | E10: 2 | G10: Diego Longo | H10: 2 | J10: Nick | K10: 2
A11: 92.41 | B11: 3 | D11: 99.86 | E11: 3 | G11: 128.61 | H11: 3 | J11: 109.08 | K11: 3
A12: 2º | B12: 4 | D12: 2º | E12: 4 | G12: 2º | H12: 4 | J12: 2º | K12: 4
A13: Não Escalou | B13: 5 | D13: Não Escalou | E13: 5 | G13: Não Escalou | H13: 5 | J13: Não Escalou | K13: 5
A14: Acessar o perfil do time Tua Mãe SEP | B14: 6 | D14: Acessar o perfil do time Sobottka FC 633 | E14: 6 | G14: Acessar o perfil do time GIGANTES MORUMBI F.C | H14: 6 | J14: Acessar o perfil do time DEIZÃO FUTEBOL CLUBE | K14: 6
B15: 7 | E15: 7 | H15: 7 | K15: 7
A16: Tua Mãe SEP | B16: 1 | D16: Sobottka FC 633 | E16: 1 | G16: GIGANTES MORUMBI F.C | H16: 1 | J16: DEIZÃO FUTEBOL CLUBE | K16: 1
A17: Giovanni Castro | B17: 2 | D17: Gustavo Sobottka | E17: 2 | G17: Sergio Garcia | H17: 2 | J17: CAMISA . 10 | K17: 2
A18: 91.21 | B18: 3 | D18: 99.82 | E18: 3 | G18: 127.81 | H18: 3 | J18: 107.68 | K18: 3
A19: 3º | B19: 4 | D19: 3º | E19: 4 | G19: 3º | H19: 4 | J19: 3º | K19: 4
A20: Não Escalou | B20: 5 | D20: Não Escalou | E20: 5 | G20: Escalou | H20: 5 | J20: Não Escalou | K20: 5
A21: Acessar o perfil do time Allejo Team F.C | B21: 6 | D21: Acessar o perfil do time Silasbrs FC | E21: 6 | G21: Acessar o perfil do time PALM£IRAS S.E.P. | H21: 6 | J21: Acessar o perfil do time Mitinga`s F.C | K21: 6
B22: 7 | E22: 7 | H22: 7 | K22: 7
A23: Allejo Team F.C | B23: 1 | D23: Silasbrs FC | E23: 1 | G23: PALM£IRAS S.E.P. | H23: 1 | J23: Mitinga`s F.C | K23: 1
A24: Yuri Oliveira | B24: 2 | D24: Silas Siqueira | E24: 2 | G24: Diego Longo | H24: 2 | J24: Marcel Cantalego | K24: 2
A25: 89.40 | B25: 3 | D25: 98.52 | E25: 3 | G25: 124.61 | H25: 3 | J25: 106.98 | K25: 3
A26: 4º | B26: 4 | D26: 4º | E26: 4 | G26: 4º | H26: 4 | J26: 4º | K26: 4
A27: Não Escalou | B27: 5 | D27: Não Escalou | E27: 5 | G27: Escalou | H27: 5 | J27: Não Escalou | K27: 5
A28: Acessar o perfil do time A D Peaky Blinders | B28: 6 | D28: Acessar o perfil do time Luket Wanderes fc | E28: 6 | G28: Acessar o perfil do time Maletinhas F.C. | H28: 6 | J28: Acessar o perfil do time PALM£IRAS S.E.P. | K28: 6
B29: 7 | E29: 7 | H29: 7 | K29: 7
A30: A D Peaky Blinders | B30: 1 | D30: Luket Wanderes fc | E30: 1 | G30: Maletinhas F.C. | H30: 1 | J30: PALM£IRAS S.E.P. | K30: 1
A31: Carlos Rosseti | B31: 2 | D31: Lucas Silva Vieira | E31: 2 | G31: Ricardo | H31: 2 | J31: Diego Longo | K31: 2
A32: 86.90 | B32: 3 | D32: 98.32 | E32: 3 | G32: 124.51 | H32: 3 | J32: 106.88 | K32: 3
A33: 5º | B33: 4 | D33: 5º | E33: 4 | G33: 5º | H33: 4 | J33: 5º | K33: 4
A34: Não Escalou | B34: 5 | D34: Não Escalou | E34: 5 | G34: Não Escalou | H34: 5 | J34: Escalou | K34: 5
A35: Acessar o perfil do time Sobottka FC 633 | B35: 6 | D35: Acessar o perfil do time Al Ahly Ecc | E35: 6 | G35: Acessar o perfil do time Marco-FSA | H35: 6 | J35: Acessar o perfil do time Wedgol | K35: 6
B36: 7 | E36: 7 | H36: 7 | K36: 7
A37: Sobottka FC 633 | B37: 1 | D37: Al Ahly Ecc | E37: 1 | G37: Marco-FSA | H37: 1 | J37: Wedgol | K37: 1
A38: Gustavo Sobottka | B38: 2 | D38: Lucas Silva Vieira | E38: 2 | G38: MarcoCzDutra | H38: 2 | J38: Wedson da Silva | K38: 2
A39: 85.90 | B39: 3 | D39: 98.32 | E39: 3 | G39: 124.29 | H39: 3 | J39: 106.38 | K39: 3
A40: 6º | B40: 4 | D40: 6º | E40: 4 | G40: 6º | H40: 4 | J40: 6º | K40: 4
A41: Não Escalou | B41: 5 | D41: Não Escalou | E41: 5 | G41: Escalou | H41: 5 | J41: Não Escalou | K41: 5
A42: Acessar o perfil do time Luket Wanderes fc | B42: 6 | D42: Acessar o perfil do time Mitinga`s F.C | E42: 6 | G42: Acessar o perfil do time Luket Wanderes fc | H42: 6 | J42: Acessar o perfil do time Miss Procon Futebol Clube | K42: 6
B43: 7 | E43: 7 | H43: 7 | K43: 7
A44: Luket Wanderes fc | B44: 1 | D44: Mitinga`s F.C | E44: 1 | G44: Luket Wanderes fc | H44: 1 | J44: Miss Procon Futebol Clube | K44: 1
A45: Lucas Silva Vieira | B45: 2 | D45: Marcel Cantalego | E45: 2 | G45: Lucas Silva Vieira | H45: 2 | J45: Elza Gadelha Quirino | K45: 2
A46: 82.99 | B46: 3 | D46: 96.32 | E46: 3 | G46: 123.81 | H46: 3 | J46: 106.28 | K46: 3
A47: 7º | B47: 4 | D47: 7º | E47: 4 | G47: 7º | H47: 4 | J47: 7º | K47: 4
A48: Não Escalou | B48: 5 | D48: Não Escalou | E48: 5 | G48: Não Escalou | H48: 5 | J48: Não Escalou | K48: 5
A49: Acessar o perfil do time Al Ahly Ecc | B49: 6 | D49: Acessar o perfil do time SAY ZIKA | E49: 6 | G49: Acessar o perfil do time Al Ahly Ecc | H49: 6 | J49: Acessar o perfil do time Machadotti1972 | K49: 6
B50: 7 | E50: 7 | H50: 7 | K50: 7
A51: Al Ahly Ecc | B51: 1 | D51: SAY ZIKA | E51: 1 | G51: Al Ahly Ecc | H51: 1 | J51: Machadotti1972 | K51: 1
A52: Lucas Silva Vieira | B52: 2 | D52: TRIPÃO | E52: 2 | G52: Lucas Silva Vieira | H52: 2 | J52: Gabriel Machado | K52: 2
A53: 82.99 | B53: 3 | D53: 95.82 | E53: 3 | G53: 123.81 | H53: 3 | J53: 105.88 | K53: 3
A54: 8º | B54: 4 | D54: 8º | E54: 4 | G54: 8º | H54: 4 | J54: 8º | K54: 4
A55: Não Escalou | B55: 5 | D55: Escalou | E55: 5 | G55: Não Escalou | H55: 5 | J55: Escalou | K55: 5
A56: Acessar o perfil do time Sanlutty FC | B56: 6 | D56: Acessar o perfil do time Olimpingas Sport Club | E56: 6 | G56: Acessar o perfil do time Grajaux City F.C. | H56: 6 | J56: Acessar o perfil do time CalazansTeam | K56: 6
B57: 7 | E57: 7 | H57: 7 | K57: 7
A58: Sanlutty FC | B58: 1 | D58: Olimpingas Sport Club | E58: 1 | G58: Grajaux City F.C. | H58: 1 | J58: CalazansTeam | K58: 1
A59: Lutty costa | B59: 2 | D59: Daniel Quirino | E59: 2 | G59: Douglas Ferreira | H59: 2 | J59: ALYSON | K59: 2
A60: 82.90 | B60: 3 | D60: 95.02 | E60: 3 | G60: 121.69 | H60: 3 | J60: 105.38 | K60: 3
A61: 9º | B61: 4 | D61: 9º | E61: 4 | G61: 9º | H61: 4 | J61: 9º | K61: 4
A62: Não Escalou | B62: 5 | D62: Não Escalou | E62: 5 | G62: Não Escalou | H62: 5 | J62: Não Escalou | K62: 5
A63: Acessar o perfil do time Machadotti1972 | B63: 6 | D63: Acessar o perfil do time SÓRRESTO | E63: 6 | G63: Acessar o perfil do time Brabo Globetrotters | H63: 6 | J63: Acessar o perfil do time J.V.Finhani | K63: 6
B64: 7 | E64: 7 | H64: 7 | K64: 7
A65: Machadotti1972 | B65: 1 | D65: SÓRRESTO | E65: 1 | G65: Brabo Globetrotters | H65: 1 | J65: J.V.Finhani | K65: 1
A66: Gabriel Machado | B66: 2 | D66: TRIPA | E66: 2 | G66: Eduardo Brabo | H66: 2 | J66: Jefferson Finhani | K66: 2
A67: 81.39 | B67: 3 | D67: 94.72 | E67: 3 | G67: 121.47 | H67: 3 | J67: 104.99 | K67: 3
A68: 10º | B68: 4 | D68: 10º | E68: 4 | G68: 10º | H68: 4 | J68: 10º | K68: 4
A69: Escalou | B69: 5 | D69: Escalou | E69: 5 | G69: Não Escalou | H69: 5 | J69: Não Escalou | K69: 5
A70: Acessar o perfil do time Mala03Fc | B70: 6 | D70: Acessar o perfil do time Mariliense F.C | E70: 6 | G70: Acessar o perfil do time Almi Jr. FC | H70: 6 | J70: Acessar o perfil do time Ipanema13 | K70: 6
B71: 7 | E71: 7 | H71: 7 | K71: 7
A72: Mala03Fc | B72: 1 | D72: Mariliense F.C | E72: 1 | G72: Almi Jr. FC | H72: 1 | J72: Ipanema13 | K72: 1
A73: bruno ducati | B73: 2 | D73: Nick | E73: 2 | G73: Almi Jr. | H73: 2 | J73: Alexandre Carlos | K73: 2
A74: 78.89 | B74: 3 | D74: 93.72 | E74: 3 | G74: 121.01 | H74: 3 | J74: 104.58 | K74: 3
A75: 11º | B75: 4 | D75: 11º | E75: 4 | G75: 11º | H75: 4 | J75: 11º | K75: 4
A76: Não Escalou | B76: 5 | D76: Não Escalou | E76: 5 | G76: Não Escalou | H76: 5 | J76: Não Escalou | K76: 5
A77: Acessar o perfil do time Botafogo Hell | B77: 6 | D77: Acessar o perfil do time Allejo Team F.C | E77: 6 | G77: Acessar o perfil do time Diniz Santastico1 | H77: 6 | J77: Acessar o perfil do time Andico F.C | K77: 6
B78: 7 | E78: 7 | H78: 7 | K78: 7
A79: Botafogo Hell | B79: 1 | D79: Allejo Team F.C | E79: 1 | G79: Diniz Santastico1 | H79: 1 | J79: Andico F.C | K79: 1
A80: Gabriel | B80: 2 | D80: Yuri Oliveira | E80: 2 | G80: Diniz | H80: 2 | J80: Leandro Souza | K80: 2
A81: 78.69 | B81: 3 | D81: 93.32 | E81: 3 | G81: 120.09 | H81: 3 | J81: 104.38 | K81: 3
A82: 12º | B82: 4 | D82: 12º | E82: 4 | G82: 12º | H82: 4 | J82: 12º | K82: 4
A83: Não Escalou | B83: 5 | D83: Não Escalou | E83: 5 | G83: Não Escalou | H83: 5 | J83: Não Escalou | K83: 5
A84: Acessar o perfil do time J.V.Finhani | B84: 6 | D84: Acessar o perfil do time PALM£IRAS S.E.P. | E84: 6 | G84: Acessar o perfil do time TIMAO R.F.G | H84: 6 | J84: Acessar o perfil do time Silasbrs FC | K84: 6
B85: 7 | E85: 7 | H85: 7 | K85: 7
A86: J.V.Finhani | B86: 1 | D86: PALM£IRAS S.E.P. | E86: 1 | G86: TIMAO R.F.G | H86: 1 | J86: Silasbrs FC | K86: 1
A87: Jefferson Finhani | B87: 2 | D87: Diego Longo | E87: 2 | G87: ROBSON CUNHA | H87: 2 | J87: Silas Siqueira | K87: 2
A88: 78.61 | B88: 3 | D88: 92.92 | E88: 3 | G88: 118.09 | H88: 3 | J88: 104.07 | K88: 3
A89: 13º | B89: 4 | D89: 13º | E89: 4 | G89: 13º | H89: 4 | J89: 13º | K89: 4
A90: Não Escalou | B90: 5 | D90: Escalou | E90: 5 | G90: Não Escalou | H90: 5 | J90: Não Escalou | K90: 5
A91: Acessar o perfil do time Bike Cristo | B91: 6 | D91: Acessar o perfil do time Miss Procon Futebol Clube | E91: 6 | G91: Acessar o perfil do time Mitinga`s F.C | H91: 6 | J91: Acessar o perfil do time Luket Wanderes fc | K91: 6
B92: 7 | E92: 7 | H92: 7 | K92: 7
A93: Bike Cristo | B93: 1 | D93: Miss Procon Futebol Clube | E93: 1 | G93: Mitinga`s F.C | H93: 1 | J93: Luket Wanderes fc | K93: 1
A94: Maurício Silva | B94: 2 | D94: Elza Gadelha Quirino | E94: 2 | G94: Marcel Cantalego | H94: 2 | J94: Lucas Silva Vieira | K94: 2
A95: 78.09 | B95: 3 | D95: 92.92 | E95: 3 | G95: 116.51 | H95: 3 | J95: 102.78 | K95: 3
A96: 14º | B96: 4 | D96: 14º | E96: 4 | G96: 14º | H96: 4 | J96: 14º | K96: 4
A97: Não Escalou | B97: 5 | D97: Não Escalou | E97: 5 | G97: Não Escalou | H97: 5 | J97: Não Escalou | K97: 5
A98: Acessar o perfil do time Mitinga`s F.C | B98: 6 | D98: Acessar o perfil do time DEIZÃO FUTEBOL CLUBE | E98: 6 | G98: Acessar o perfil do time Ipanema13 | H98: 6 | J98: Acessar o perfil do time Parrudo'S Team | K98: 6
B99: 7 | E99: 7 | H99: 7 | K99: 7
A100: Mitinga`s F.C | B100: 1 | D100: DEIZÃO FUTEBOL CLUBE | E100: 1 | G100: Ipanema13 | H100: 1 | J100: Parrudo'S Team | K100: 1
...

Sheet Colagem D
B1: Mariliense F.C | C1: 93.46 | E1: Miss Procon Futebol Clube | F1: 122.23 | H1: Gabirobense | I1: 109.35 | K1: Xuchélides | L1: 92.81 | N1: nascimento124 | O1: 102.26 | Q1: CalazansTeam | R1: 136.77 | T1: FOI O QUE SOBROU | U1: 119.98
B2: Botafogo Hell | C2: 90.26 | E2: Olimpingas Sport Club | F2: 116.13 | H2: GEJA | I2: 107.65 | K2: Grajaux City F.C. | L2: 92.41 | N2: Juquitas FC | O2: 99.86 | Q2: Parrudo'S Team | R2: 128.61 | T2: Mariliense F.C | U2: 109.08
B3: Na Midola FC | C3: 89.56 | E3: Mitinga`s F.C | F3: 113.93 | H3: Almi Jr. FC | I3: 103.65 | K3: Tua Mãe SEP | L3: 91.21 | N3: Sobottka FC 633 | O3: 99.82 | Q3: GIGANTES MORUMBI F.C | R3: 127.81 | T3: DEIZÃO FUTEBOL CLUBE | U3: 107.68
B4: Real Rattaria FC | C4: 84.86 | E4: Ipanema13 | F4: 113.93 | H4: Mosby | I4: 100.75 | K4: Allejo Team F.C | L4: 89.40 | N4: Silasbrs FC | O4: 98.52 | Q4: PALM£IRAS S.E.P. | R4: 124.61 | T4: Mitinga`s F.C | U4: 106.98
B5: Machadotti1972 | C5: 83.16 | E5: Mariliense F.C | F5: 113.93 | H5: Mitinga`s F.C | I5: 96.85 | K5: A D Peaky Blinders | L5: 86.90 | N5: Luket Wanderes fc | O5: 98.32 | Q5: Maletinhas F.C. | R5: 124.51 | T5: PALM£IRAS S.E.P. | U5: 106.88
B6: CalazansTeam | C6: 82.76 | E6: Almi Jr. FC | F6: 110.43 | H6: Allejo Team F.C | I6: 96.55 | K6: Sobottka FC 633 | L6: 85.90 | N6: Al Ahly Ecc | O6: 98.32 | Q6: Marco-FSA | R6: 124.29 | T6: Wedgol | U6: 106.38
B7: Olimpingas Sport Club | C7: 81.86 | E7: Machadotti1972 | F7: 106.73 | H7: Ipanema13 | I7: 96.55 | K7: Luket Wanderes fc | L7: 82.99 | N7: Mitinga`s F.C | O7: 96.32 | Q7: Luket Wanderes fc | R7: 123.81 | T7: Miss Procon Futebol Clube | U7: 106.28
B8: Mosby | C8: 81.56 | E8: Joga Tranquilo F.S. | F8: 104.23 | H8: Parrudo'S Team | I8: 96.55 | K8: Al Ahly Ecc | L8: 82.99 | N8: SAY ZIKA | O8: 95.82 | Q8: Al Ahly Ecc | R8: 123.81 | T8: Machadotti1972 | U8: 105.88
B9: 08 Ratto FC | C9: 80.66 | E9: Grajaux City F.C. | F9: 102.23 | H9: Silasbrs FC | I9: 96.26 | K9: Sanlutty FC | L9: 82.90 | N9: Olimpingas Sport Club | O9: 95.02 | Q9: Grajaux City F.C. | R9: 121.69 | T9: CalazansTeam | U9: 105.38
B10: J.V.Finhani | C10: 79.95 | E10: CalazansTeam | F10: 100.33 | H10: SAY ZIKA | I10: 95.55 | K10: Machadotti1972 | L10: 81.39 | N10: SÓRRESTO | O10: 94.72 | Q10: Brabo Globetrotters | R10: 121.47 | T10: J.V.Finhani | U10: 104.99
B11: Joga Tranquilo F.S. | C11: 79.06 | E11: Realmengo07 Fc | F11: 98.33 | H11: Sobottka FC 633 | I11: 94.86 | K11: Mala03Fc | L11: 78.89 | N11: Mariliense F.C | O11: 93.72 | Q11: Almi Jr. FC | R11: 121.01 | T11: Ipanema13 | U11: 104.58
B12: Ipanema13 | C12: 79.06 | E12: E.C. Ocram 5.6 | F12: 95.25 | H12: Mariliense F.C | I12: 92.66 | K12: Botafogo Hell | L12: 78.69 | N12: Allejo Team F.C | O12: 93.32 | Q12: Diniz Santastico1 | R12: 120.09 | T12: Andico F.C | U12: 104.38
... B57: DIDIBRE FC | C57: 24.34 | E57: ZAGO PRATIS FC | F57: 49.25 | H57: Sanlutty FC | I57: 51.96 | K57: DIDIBRE FC | L57: 28.30 | N57: SC Ornaghi Paulista | O57: 51.50 | Q57: nascimento124 | R57: 42.26 | T57: Tupinianos FC | U57: 36.91
E58: DIDIBRE FC | F58: 26.25 | H58: DIDIBRE FC | I58: 48.79 | K58: Adshow17 F.C | L58: 26.04 | N58: DIDIBRE FC | O58: 43.36 | Q58: DIDIBRE FC | R58: 28.46 | T58: DIDIBRE FC | U58: 32.03

Sheet base_2026_D
A1: Dupla | B1: Nome Cartoleiro 1 | C1: Time Cartoleiro 1 | D1: Dupla | F1: time | G1: Nome | I1: Nome | M1: id | N1: ano | P1: POS | Q1: TIME 1 | R1: id1 | S1: TIME 2 | T1: id2 | U1: PT1 | V1: PT2 | W1: TOTA ROD1
A2: 1 | B2: Elza Gadelha Quirino | C2: Miss Procon Futebol Clube | D2: Daniel Quirino | F2: CalazansTeam | G2: A CALAZANS | H2: =VLOOKUP(G2,J:K,2,FALSE) -> 1 | I2: CalazansTeam | J2: A CALAZANS | K2: 1 | M2: 1 | N2: 2026 | P2: 1º | Q2: Didibre FC | R2: 14 | S2: nascimento124 | T2: 40 | U2: 90.05 | V2: 70.26 | W2: =SUM(U2:V2) -> 160.31
A3: 1 | B3: Daniel Quirino | C3: Olimpingas Sport Club | D3: Elza Gadelha Quirino | F3: Mariliense F.C | G3: A CARLOS | H3: =VLOOKUP(G3,J:K,2,FALSE) -> 2 | I3: Mariliense F.C | J3: A CARLOS | K3: 2 | M3: 2 | N3: 2026 | P3: 2º | Q3: Na Midola FC | R3: 39 | S3: Mosby | T3: 38 | U3: 94.26 | V3: 60.26 | W3: =SUM(U3:V3) -> 154.52
A4: 2 | B4: Wedson | C4: GEJA | D4: Wedgol | F4: Adshow17 F.C | G4: ADSON | H4: =VLOOKUP(G4,J:K,2,FALSE) -> 3 | I4: Adshow17 F.C | J4: ADSON | K4: 3 | M4: 3 | N4: 2026 | P4: 3º | Q4: Machadotti1972 | R4: 30 | S4: Realmengo07 Fc | T4: 46 | U4: 74.96 | V4: 74.96 | W4: =SUM(U4:V4) -> 149.92
A5: 2 | B5: Wedson | C5: Wedgol | D5: GEJA | F5: Ipanema13 | G5: ALE CHINELO | H5: =VLOOKUP(G5,J:K,2,FALSE) -> 4 | I5: Ipanema13 | J5: ALE CHINELO | K5: 4 | M5: 4 | N5: 2026 | P5: 4º | Q5: Massiminismo FC | R5: 35 | S5: Real Rattaria FC | T5: 45 | U5: 68.96 | V5: 78.46 | W5: =SUM(U5:V5) -> 147.42
A6: 3 | B6: Adson Mendes | C6: Adshow 17 | D6: Sobottka FC 633 | F6: Almi Jr. FC | G6: ALMI | H6: =VLOOKUP(G6,J:K,2,FALSE) -> 5 | I6: Almi Jr. FC | J6: ALMI | K6: 5 | M6: 5 | N6: 2026 | P6: 5º | Q6: GEJA | R6: 21 | S6: Wedgol | T6: 57 | U6: 69.1 | V6: 74.7 | W6: =SUM(U6:V6) -> 143.8
A7: 3 | B7: Gustavo Nery | C7: Sobottka FC 633 | D7: Adshow 17 | F7: Andico F.C | G7: ANDICO | H7: =VLOOKUP(G7,J:K,2,FALSE) -> 6 | I7: Andico F.C | J7: ANDICO | K7: 6 | M7: 6 | N7: 2026 | P7: 6º | Q7: Botafogo Hell | R7: 9 | S7: Hpano FC | T7: 24 | U7: 63.5 | V7: 78.7 | W7: =SUM(U7:V7) -> 142.2
A8: 4 | B8: Maurício Véio da Laranja | C8: Bike Cristo | D8: Real Sarandi Clube | F8: mala03fc | G8: B DUCATI | H8: =VLOOKUP(G8,J:K,2,FALSE) -> 7 | I8: mala03fc | J8: B DUCATI | K8: 7 | M8: 7 | N8: 2026 | P8: 7º | Q8: CalazansTeam | R8: 12 | S8: J.V.Finhani | T8: 26 | U8: 66.86 | V8: 68.4 | W8: =SUM(U8:V8) -> 135.26
A9: 4 | B9: André Prates 1 | C9: Zago Pratis | D9: Bike Cristo | F9: Brabo Globetrotters | G9: BRABO | H9: =VLOOKUP(G9,J:K,2,FALSE) -> 8 | I9: Brabo Globetrotters | J9: BRABO | K9: 8 | M9: 8 | N9: 2026 | P9: 8º | Q9: Andico F.C | R9: 7 | S9: Burza F C | T9: 11 | U9: 65.4 | V9: 69.5 | W9: =SUM(U9:V9) -> 134.9
A10: 5 | B10: Lucas Massimini | C10: Massiminismo FC | D10: Real Rattaria FC | F10: Burza F C | G10: BURZA | H10: =VLOOKUP(G10,J:K,2,FALSE) -> 9 | I10: Burza F C | J10: BURZA | K10: 9 | M10: 9 | N10: 2026 | P10: 9º | Q10: Joga Tranquilo F.S. | R10: 27 | S10: SAY ZIKA | T10: 48 | U10: 74.2 | V10: 57.36 | W10: =SUM(U10:V10) -> 131.56
A11: 5 | B11: Gabriel Ratto 2 | C11: Real Rattaria FC | D11: Massiminismo FC | F11: Xuchélides | G11: C TEIXEIRA | H11: =VLOOKUP(G11,J:K,2,FALSE) -> 10 | I11: Xuchélides | J11: C TEIXEIRA | K11: 10 | M11: 10 | N11: 2026 | P11: 10º | Q11: Brabo Globetrotters | R11: 10 | S11: A D Peaky Blinders | T11: 2 | U11: 56.46 | V11: 73.8 | W11: =SUM(U11:V11) -> 130.26
A12: 6 | B12: Alyson Calazans | C12: CalazansTeam | D12: J.V.Finhani | F12: Grajaux City F.C. | G12: D FERREIRA | H12: =VLOOKUP(G12,J:K,2,FALSE) -> 11 | I12: Grajaux City F.C. | J12: D FERREIRA | K12: 11 | M12: 11 | N12: 2026 | P12: 11º | Q12: Adshow17 F.C | R12: 3 | S12: Sobottka FC 633 | T12: 52 | U12: 62.16 | V12: 66.8 | W12: =SUM(U12:V12) -> 128.96
A13: 6 | B13: Jefferson Finhani TI | C13: J.V.Finhani | D13: CalazansTeam | F13: Tupinianos FC | G13: D FERREIRA | H13: =VLOOKUP(G13,J:K,2,FALSE) -> 11 | I13: Tupinianos FC | J13: D LONGO | K13: 12 | M13: 12 | N13: 2026 | P13: 12º | Q13: Ipanema13 | R13: 25 | S13: Mariliense F.C | T13: 34 | U13: 64.46 | V13: 64.46 | W13: =SUM(U13:V13) -> 128.92
... A33: 16 | B33: Lucat | C33: Luket Wanderes fc | D33: E.C. Ocram 5.5 | F33: J.V.Finhani | G33: J FINHANI | H33: =VLOOKUP(G33,J:K,2,FALSE) -> 30 | I33: J.V.Finhani | J33: L MASSIMINI | K33: 32 | M33: 32 | N33: 2026 | P33: 32º | Q33: Gigantes Morumbi F.C | R33: 22 | S33: TIMAO R.F.G | T33: 54 | U33: 39.26 | V33: 50.56 | W33: =SUM(U33:V33) -> 89.82
A34: 17 | B34: Lucat | C34: Al Ahly Ecc | D34: Pelicano Papada | F34: A D Peaky Blinders | G34: KAJURU | H34: =VLOOKUP(G34,J:K,2,FALSE) -> 31 | I34: A D Peaky Blinders | J34: LUCAT | K34: 33 | M34: 33 | N34: 2026
A35: 17 | B35: Leandro Schulai 3 | C35: Pelicano Papada | D35: Luket Wanderes fc | F35: Massiminismo FC | G35: L MASSIMINI | H35: =VLOOKUP(G35,J:K,2,FALSE) -> 32 | I35: Massiminismo FC | J35: LUKET | K35: 34 | M35: 34 | N35: 2026
A36: 18 | B36: Thiago Ribas | C36: Ferrugem Ultimate | D36: Marco-FSA | F36: Al Ahly Ecc | G36: LUCAT | H36: =VLOOKUP(G36,J:K,2,FALSE) -> 33 | I36: Al Ahly Ecc | J36: LUTTY | K36: 35 | M36: 35 | N36: 2026
A37: 18 | B37: Marco Amigo Thiago Ribas | C37: Marco-FSA | D37: Thiago Ribas | F37: Luket Wanderes fc | G37: LUKET | H37: =VLOOKUP(G37,J:K,2,FALSE) -> 34 | I37: Luket Wanderes fc | J37: M CANTALEGO | K37: 36 | M37: 36 | N37: 2026
A38: 19 | B38: Eduardo Ornaghi | C38: SC Ornaghi Paulista | D38: Real Sarandi Clube | F38: Sanlutty FC | G38: LUTTY | H38: =VLOOKUP(G38,J:K,2,FALSE) -> 35 | I38: Sanlutty FC | J38: M COIMBRA | K38: 37 | M38: 37 | N38: 2026
A39: 19 | B39: André Prates 2 | C39: Zago Pratis | D39: SC Ornaghi Paulista | F39: Mitinga`s F.C | G39: M CANTALEGO | H39: =VLOOKUP(G39,J:K,2,FALSE) -> 36 | I39: Mitinga`s F.C | J39: M OCRAM | K39: 38 | M39: 38 | N39: 2026
A40: 20 | B40: Marcel Cantalego | C40: Mitinga's F.C | D40: Silasbrs FC | F40: Realmengo07 Fc | G40: M COIMBRA | H40: =VLOOKUP(G40,J:K,2,FALSE) -> 37 | I40: Realmengo07 Fc | J40: ORNAGHI | K40: 39 | M40: 39 | N40: 2026
A41: 20 | B41: Silas | C41: Silasbrs FC | D41: Mitinga's F.C | F41: E.C. Ocram 5.6 | G41: M OCRAM | H41: =VLOOKUP(G41,J:K,2,FALSE) -> 38 | I41: E.C. Ocram 5.6 | J41: PRATIS | K41: 40 | M41: 40 | N41: 2026
A42: 21 | B42: Alexandre Carlos | C42: Ipanema 13 | D42: Mariliense | F42: SC Ornaghi Paulista | G42: ORNAGHI | H42: =VLOOKUP(G42,J:K,2,FALSE) -> 39 | I42: SC Ornaghi Paulista | J42: R CUNHA | K42: 41 | M42: 41 | N42: 2026
A43: 21 | B43: Alexandre Carlos | C43: Mariliense | D43: Ipanema 13 | F43: ZAGO PRATIS FC | G43: PRATIS | H43: =VLOOKUP(G43,J:K,2,FALSE) -> 40 | I43: ZAGO PRATIS FC | J43: R MALETA | K43: 42 | M43: 42 | N43: 2026
A44: 22 | B44: Andico | C44: Andico F.C | D44: Burza | F44: TIMAO R.F.G | G44: R CUNHA | H44: =VLOOKUP(G44,J:K,2,FALSE) -> 41 | I44: TIMAO R.F.G | J44: R SHOJI | K44: 43 | M44: 43 | N44: 2026
A45: 22 | B45: Burza | C45: Burza FC | D45: Andico | F45: Maletinhas F.C. | G45: R MALETA | H45: =VLOOKUP(G45,J:K,2,FALSE) -> 42 | I45: Maletinhas F.C. | J45: R TRIPAO | K45: 44 | M45: 44 | N45: 2026
... A53: 26 | B53: Enzo Nascimento | C53: Nascimento 124 | D53: Diego Valadares | F53: Schuletroll | G53: SCHULETA | H53: =VLOOKUP(G53,J:K,2,FALSE) -> 47 | I53: Schuletroll | J53: Y ALLEJO | K53: 52 | M53: 52 | N53: 2026
A54: 27 | B54: Guilherme Felicio | C54: F.C Felicio F.C | D54: Giovanni Castro | F54: Ferrugem Ultimate | G54: T RIBAS | H54: =VLOOKUP(G54,J:K,2,FALSE) -> 48 | I54: Ferrugem Ultimate | M54: 53 | N54: 2026
A55: 27 | B55: Giovanni Castro | C55: Tua mãe SEP | D55: Guilherme Felicio | F55: Marco-FSA | G55: T RIBAS | H55: =VLOOKUP(G55,J:K,2,FALSE) -> 48 | I55: Marco-FSA | M55: 54 | N55: 2026
A56: 29 | B56: Yuri Oliveira | C56: Allejo Team F.C | D56: William Pereira | F56: Bike Cristo | G56: VEIO DA LARANJA | H56: =VLOOKUP(G56,J:K,2,FALSE) -> 49 | I56: Bike Cristo | M56: 55 | N56: 2026
A57: 29 | B57: William Pereira | C57: Juquitas FC | D57: Yuri Oliveira | F57: Juquitas FC | G57: W SILVA | H57: =VLOOKUP(G57,J:K,2,FALSE) -> 50 | I57: Juquitas FC | M57: 56 | N57: 2026
A58: 30 | B58: Ricardo Shoji | C58: Na Midola FC | D58: Mosby 1 | F58: GEJA | G58: WED | H58: =VLOOKUP(G58,J:K,2,FALSE) -> 51 | I58: GEJA | M58: 57 | N58: 2026
A59: 30 | B59: Felipe Mosby | C59: Mosby | D59: Shoju | F59: Wedgol | G59: WED | H59: =VLOOKUP(G59,J:K,2,FALSE) -> 51 | I59: Wedgol | M59: 58 | N59: 2026
A60: 31 | B60: Maletas | C60: Maletinhas F.C. | D60: Robson 2 | F60: Allejo Team F.C | G60: Y ALLEJO | H60: =VLOOKUP(G60,J:K,2,FALSE) -> 52 | I60: Allejo Team F.C | M60: 59 | N60: 2026
A61: 31 | B61: Robson 2 | C61: Deizão Futebol Clube | D61: Maletinhas
A62: 32 | B62: Eduardo Ornaghi 2 | C62: SC Ornaghi Paulista | D62: Maurício Véio da Laranja 2
A63: 32 | B63: Maurício Véio da Laranja 2 | C63: Bike Cristo | D63: Eduardo Ornaghi 2
A64: 33 | C64: Brabo Globetrotters
A65: 33 | C65: A D Peaky Blinders

Sheet Planilha6
A1: id | B1: cartoleiro_id | C1: nome | D1: id | F1: Didibre FC | G1: =VLOOKUP(F1,C:D,2,FALSE) -> 16 | I1: 1 | K1: nascimento124 | L1: =VLOOKUP(K1,C:D,2,FALSE) -> 20 | N1: 1 | O1: 20 | P1: 2026 | Q1: O Nascimento do Dibre | R1: 1 | T1: id | U1: ano | V1: nome
A2: 1 | B2: 1 | C2: CalazansTeam | D2: 1 | F2: Na Midola FC | G2: =VLOOKUP(F2,C:D,2,FALSE) -> 45 | I2: 2 | K2: Mosby | L2: =VLOOKUP(K2,C:D,2,FALSE) -> 22 | N2: 2 | O2: 22 | P2: 2026 | Q2: Mosby na Midola | R2: 2 | T2: 1 | U2: 2026 | V2: O Nascimento do Dibre
A3: 2 | B3: 2 | C3: Mariliense F.C | D3: 2 | F3: Machadotti1972 | G3: =VLOOKUP(F3,C:D,2,FALSE) -> 26 | I3: 3 | K3: Realmengo07 Fc | L3: =VLOOKUP(K3,C:D,2,FALSE) -> 39 | N3: 3 | O3: 39 | P3: 2026 | Q3: Machadada no Mengo | R3: 3 | T3: 2 | U3: 2026 | V3: Mosby na Midola
A4: 3 | B4: 3 | C4: Adshow17 F.C | D4: 3 | F4: Massiminismo FC | G4: =VLOOKUP(F4,C:D,2,FALSE) -> 34 | I4: 4 | K4: Real Rattaria FC | L4: =VLOOKUP(K4,C:D,2,FALSE) -> 28 | N4: 4 | O4: 28 | P4: 2026 | Q4: Rattaria Máxima | R4: 4 | T4: 3 | U4: 2026 | V4: Machadada no Mengo
A5: 4 | B5: 4 | C5: Ipanema13 | D5: 4 | F5: GEJA | G5: =VLOOKUP(F5,C:D,2,FALSE) -> 57 | I5: 5 | K5: Wedgol | L5: =VLOOKUP(K5,C:D,2,FALSE) -> 58 | N5: 5 | O5: 58 | P5: 2026 | Q5: Geja o Gol | R5: 5 | T5: 4 | U5: 2026 | V5: Rattaria MÃ¡xima
A6: 5 | B6: 5 | C6: Almi Jr. FC | D6: 5 | F6: Botafogo Hell | G6: =VLOOKUP(F6,C:D,2,FALSE) -> 23 | I6: 6 | K6: Hpano FC | L6: =VLOOKUP(K6,C:D,2,FALSE) -> 31 | N6: 6 | O6: 31 | P6: 2026 | Q6: Pano no Inferno | R6: 6 | T6: 5 | U6: 2026 | V6: Geja o Gol
A7: 6 | B7: 6 | C7: Andico F.C | D7: 6 | F7: CalazansTeam | G7: =VLOOKUP(F7,C:D,2,FALSE) -> 1 | I7: 7 | K7: J.V.Finhani | L7: =VLOOKUP(K7,C:D,2,FALSE) -> 32 | N7: 7 | O7: 32 | P7: 2026 | Q7: Cala e Finja | R7: 7 | T7: 6 | U7: 2026 | V7: Pano no Inferno
A8: 7 | B8: 7 | C8: mala03fc | D8: 7 | F8: Andico F.C | G8: =VLOOKUP(F8,C:D,2,FALSE) -> 6 | I8: 8 | K8: Burza F C | L8: =VLOOKUP(K8,C:D,2,FALSE) -> 9 | N8: 8 | O8: 9 | P8: 2026 | Q8: Burzandico | R8: 8 | T8: 7 | U8: 2026 | V8: Cala e Finja
A9: 8 | B9: 8 | C9: Brabo Globetrotters | D9: 8 | F9: Joga Tranquilo F.S. | G9: =VLOOKUP(F9,C:D,2,FALSE) -> 18 | I9: 9 | K9: SAY ZIKA | L9: =VLOOKUP(K9,C:D,2,FALSE) -> 46 | N9: 9 | O9: 46 | P9: 2026 | Q9: Tranquilidade Zicada | R9: 9 | T9: 8 | U9: 2026 | V9: Burzandico
A10: 9 | B10: 9 | C10: Burza F C | D10: 9 | F10: Brabo Globetrotters | G10: =VLOOKUP(F10,C:D,2,FALSE) -> 8 | I10: 10 | K10: A D Peaky Blinders | L10: =VLOOKUP(K10,C:D,2,FALSE) -> 33 | N10: 10 | O10: 33 | P10: 2026 | Q10: Globetrotters Frios e Calculistas | R10: 10 | T10: 9 | U10: 2026 | V10: Tranquilidade Zicada
A11: 10 | B11: 10 | C11: Xuchélides | D11: 10 | F11: Adshow17 F.C | G11: =VLOOKUP(F11,C:D,2,FALSE) -> 3 | I11: 11 | K11: Sobottka FC 633 | L11: =VLOOKUP(K11,C:D,2,FALSE) -> 29 | N11: 11 | O11: 29 | P11: 2026 | Q11: AdShottta | R11: 11 | T11: 10 | U11: 2026 | V11: Globetrotters Frios e Calculistas
A12: 11 | B12: 11 | C12: Grajaux City F.C. | D12: 11 | F12: Ipanema13 | G12: =VLOOKUP(F12,C:D,2,FALSE) -> 4 | I12: 12 | K12: Mariliense F.C | L12: =VLOOKUP(K12,C:D,2,FALSE) -> 2 | N12: 12 | O12: 2 | P12: 2026 | Q12: Garota de Marília | R12: 12 | T12: 11 | U12: 2026 | V12: AdShottta
A13: 12 | B13: 11 | C13: Tupinianos FC | D13: 12 | F13: Al Ahly Ecc | G13: =VLOOKUP(F13,C:D,2,FALSE) -> 35 | I13: 13 | K13: Pelicano Papada F.C | L13: =VLOOKUP(K13,C:D,2,FALSE) -> 51 | N13: 13 | O13: 51 | P13: 2026 | Q13: Pelicano do Egito | R13: 13 | T13: 12 | U13: 2026 | V13: Garota de MarÃ­lia
... A32: 31 | B32: 29 | C32: Hpano FC | D32: 31 | F32: Gigantes Morumbi F.C | G32: =VLOOKUP(F32,C:D,2,FALSE) -> 49 | I32: 32 | K32: TIMAO R.F.G | L32: =VLOOKUP(K32,C:D,2,FALSE) -> 43 | N32: 32 | O32: 43 | P32: 2026 | Q32: Debi e Loide | R32: 32 | T32: 31 | U32: 2026 | V32: Marco Enferrujado
A33: 32 | B33: 30 | C33: J.V.Finhani | D33: 32 | N33: 1 | O33: 16 | T33: 32 | U33: 2026 | V33: Debi e Loide
A34: 33 | B34: 31 | C34: A D Peaky Blinders | D34: 33 | N34: 2 | O34: 45
A35: 34 | B35: 32 | C35: Massiminismo FC | D35: 34 | N35: 3 | O35: 26
A36: 35 | B36: 33 | C36: Al Ahly Ecc | D36: 35 | N36: 4 | O36: 34
A37: 36 | B37: 34 | C37: Luket Wanderes fc | D37: 36 | N37: 5 | O37: 57
A38: 37 | B38: 35 | C38: Sanlutty FC | D38: 37 | N38: 6 | O38: 23
A39: 38 | B39: 36 | C39: Mitinga`s F.C | D39: 38 | N39: 7 | O39: 1
A40: 39 | B40: 37 | C40: Realmengo07 Fc | D40: 39 | N40: 8 | O40: 6
A41: 40 | B41: 38 | C41: E.C. Ocram 5.6 | D41: 40 | N41: 9 | O41: 18
A42: 41 | B42: 39 | C42: SC Ornaghi Paulista | D42: 41 | N42: 10 | O42: 8
A43: 42 | B43: 40 | C43: ZAGO PRATIS FC | D43: 42 | N43: 11 | O43: 3
A44: 43 | B44: 41 | C44: TIMAO R.F.G | D44: 43 | N44: 12 | O44: 4
A45: 44 | B45: 42 | C45: Maletinhas F.C. | D45: 44 | N45: 13 | O45: 35
... A60: 59 | B60: 52 | C60: Allejo Team F.C | D60: 59 | N60: 28 | O60: 41
N61: 29 | O61: 55
N62: 30 | O62: 27
N63: 31 | O63: 53
N64: 32 | O64: 49

Sheet dteste_1
A1: Pelicano Papada F.C | B1: =VLOOKUP(A1,'Colagem D'!T:U,2,FALSE) -> 90.58 | C1: x | E1: id | F1: nome | I1: ano | J1: , | K1: rodada | L1: , | M1: time_id | N1: , | O1: pontos | P1: =CONCATENATE(I1,J1,K1,L1,M1,N1,O1) -> ano,rodada,time_id,pontos
A2: Miss Procon Futebol Clube | B2: =VLOOKUP(A2,'Colagem D'!T:U,2,FALSE) -> 106.28 | C2: x | E2: 1 | F2: CalazansTeam | G2: =VLOOKUP(F2,A:B,2,FALSE) -> 105.38 | I2: 2026 | J2: , | K2: 30 | L2: , | M2: 1 | N2: , | O2: =G2 -> 105.38 | P2: =CONCATENATE(I2,J2,K2,L2,M2,N2,O2) -> 2026,30,1,105.38
A3: Diniz Santastico1 | B3: =VLOOKUP(A3,'Colagem D'!T:U,2,FALSE) -> 100.38 | C3: x | E3: 2 | F3: Mariliense F.C | G3: =VLOOKUP(F3,A:B,2,FALSE) -> 109.08 | I3: 2026 | J3: , | K3: 30 | L3: , | M3: 2 | N3: , | O3: =G3 -> 109.08 | P3: =CONCATENATE(I3,J3,K3,L3,M3,N3,O3) -> 2026,30,2,109.08
A4: Tua Mãe SEP | B4: =VLOOKUP(A4,'Colagem D'!T:U,2,FALSE) -> 80.85 | C4: x | E4: 3 | F4: Adshow17 F.C | G4: =VLOOKUP(F4,A:B,2,FALSE) -> 81.68 | I4: 2026 | J4: , | K4: 30 | L4: , | M4: 3 | N4: , | O4: =G4 -> 81.68 | P4: =CONCATENATE(I4,J4,K4,L4,M4,N4,O4) -> 2026,30,3,81.68
A5: SAY ZIKA | B5: =VLOOKUP(A5,'Colagem D'!T:U,2,FALSE) -> 91.68 | C5: x | E5: 4 | F5: Ipanema13 | G5: =VLOOKUP(F5,A:B,2,FALSE) -> 104.58 | I5: 2026 | J5: , | K5: 30 | L5: , | M5: 4 | N5: , | O5: =G5 -> 104.58 | P5: =CONCATENATE(I5,J5,K5,L5,M5,N5,O5) -> 2026,30,4,104.58
A6: F.C Felicio F.C | B6: =VLOOKUP(A6,'Colagem D'!T:U,2,FALSE) -> 78.75 | C6: x | E6: 5 | F6: Almi Jr. FC | G6: =VLOOKUP(F6,A:B,2,FALSE) -> 86.38 | I6: 2026 | J6: , | K6: 30 | L6: , | M6: 5 | N6: , | O6: =G6 -> 86.38 | P6: =CONCATENATE(I6,J6,K6,L6,M6,N6,O6) -> 2026,30,5,86.38
A7: Luket Wanderes fc | B7: =VLOOKUP(A7,'Colagem D'!T:U,2,FALSE) -> 102.78 | C7: x | E7: 6 | F7: Andico F.C | G7: =VLOOKUP(F7,A:B,2,FALSE) -> 104.38 | I7: 2026 | J7: , | K7: 30 | L7: , | M7: 6 | N7: , | O7: =G7 -> 104.38 | P7: =CONCATENATE(I7,J7,K7,L7,M7,N7,O7) -> 2026,30,6,104.38
A8: Al Ahly Ecc | B8: =VLOOKUP(A8,'Colagem D'!T:U,2,FALSE) -> 101.88 | C8: x | E8: 7 | F8: mala03fc | G8: =VLOOKUP(F8,A:B,2,FALSE) -> 82.98 | I8: 2026 | J8: , | K8: 30 | L8: , | M8: 7 | N8: , | O8: =G8 -> 82.98 | P8: =CONCATENATE(I8,J8,K8,L8,M8,N8,O8) -> 2026,30,7,82.98
A9: Bike Cristo | B9: =VLOOKUP(A9,'Colagem D'!T:U,2,FALSE) -> 95.38 | C9: x | E9: 8 | F9: Brabo Globetrotters | G9: =VLOOKUP(F9,A:B,2,FALSE) -> 95.33 | I9: 2026 | J9: , | K9: 30 | L9: , | M9: 8 | N9: , | O9: =G9 -> 95.33 | P9: =CONCATENATE(I9,J9,K9,L9,M9,N9,O9) -> 2026,30,8,95.33
A10: GEJA | B10: =VLOOKUP(A10,'Colagem D'!T:U,2,FALSE) -> 98.23 | C10: x | E10: 9 | F10: Burza F C | G10: =VLOOKUP(F10,A:B,2,FALSE) -> 53.35 | I10: 2026 | J10: , | K10: 30 | L10: , | M10: 9 | N10: , | O10: =G10 -> 53.35 | P10: =CONCATENATE(I10,J10,K10,L10,M10,N10,O10) -> 2026,30,9,53.35
A11: Sanlutty FC | B11: =VLOOKUP(A11,'Colagem D'!T:U,2,FALSE) -> 87.58 | C11: x | E11: 10 | F11: Xuchélides | G11: =VLOOKUP(F11,A:B,2,FALSE) -> 90.89 | I11: 2026 | J11: , | K11: 30 | L11: , | M11: 10 | N11: , | O11: =G11 -> 90.89 | P11: =CONCATENATE(I11,J11,K11,L11,M11,N11,O11) -> 2026,30,10,90.89
A12: Olimpingas Sport Club | B12: =VLOOKUP(A12,'Colagem D'!T:U,2,FALSE) -> 100.08 | C12: x | E12: 11 | F12: Grajaux City F.C. | G12: =VLOOKUP(F12,A:B,2,FALSE) -> 57.25 | I12: 2026 | J12: , | K12: 30 | L12: , | M12: 11 | N12: , | O12: =G12 -> 57.25 | P12: =CONCATENATE(I12,J12,K12,L12,M12,N12,O12) -> 2026,30,11,57.25
A13: SÓRRESTO | B13: =VLOOKUP(A13,'Colagem D'!T:U,2,FALSE) -> 91.68 | C13: x | E13: 12 | F13: Tupinianos FC | G13: =VLOOKUP(F13,A:B,2,FALSE) -> 36.91 | I13: 2026 | J13: , | K13: 30 | L13: , | M13: 12 | N13: , | O13: =G13 -> 36.91 | P13: =CONCATENATE(I13,J13,K13,L13,M13,N13,O13) -> 2026,30,12,36.91
... A33: Mitinga`s F.C | B33: =VLOOKUP(A33,'Colagem D'!T:U,2,FALSE) -> 106.98 | C33: x | E33: 32 | F33: J.V.Finhani | G33: =VLOOKUP(F33,A:B,2,FALSE) -> 104.99 | I33: 2026 | J33: , | K33: 30 | L33: , | M33: 32 | N33: , | O33: =G33 -> 104.99 | P33: =CONCATENATE(I33,J33,K33,L33,M33,N33,O33) -> 2026,30,32,104.99
A34: E.C. Ocram 5.6 | B34: =VLOOKUP(A34,'Colagem D'!T:U,2,FALSE) -> 100.58 | C34: x | E34: 33 | F34: A D Peaky Blinders | G34: 73.80 | I34: 2026 | J34: , | K34: 30 | L34: , | M34: 33 | N34: , | O34: =G34 -> 73.80 | P34: =CONCATENATE(I34,J34,K34,L34,M34,N34,O34) -> 2026,30,33,73.80
A35: Parrudo'S Team | B35: =VLOOKUP(A35,'Colagem D'!T:U,2,FALSE) -> 102.28 | C35: x | E35: 34 | F35: Massiminismo FC | G35: 76.52 | I35: 2026 | J35: , | K35: 30 | L35: , | M35: 34 | N35: , | O35: =G35 -> 76.52 | P35: =CONCATENATE(I35,J35,K35,L35,M35,N35,O35) -> 2026,30,34,76.52
A36: Botafogo Hell | B36: =VLOOKUP(A36,'Colagem D'!T:U,2,FALSE) -> 76.98 | C36: x | E36: 35 | F36: Al Ahly Ecc | G36: =VLOOKUP(F36,A:B,2,FALSE) -> 101.88 | I36: 2026 | J36: , | K36: 30 | L36: , | M36: 35 | N36: , | O36: =G36 -> 101.88 | P36: =CONCATENATE(I36,J36,K36,L36,M36,N36,O36) -> 2026,30,35,101.88
A37: Wedgol | B37: =VLOOKUP(A37,'Colagem D'!T:U,2,FALSE) -> 106.38 | C37: x | E37: 36 | F37: Luket Wanderes fc | G37: =VLOOKUP(F37,A:B,2,FALSE) -> 102.78 | I37: 2026 | J37: , | K37: 30 | L37: , | M37: 36 | N37: , | O37: =G37 -> 102.78 | P37: =CONCATENATE(I37,J37,K37,L37,M37,N37,O37) -> 2026,30,36,102.78
A38: GIGANTES MORUMBI F.C | B38: =VLOOKUP(A38,'Colagem D'!T:U,2,FALSE) -> 101.38 | C38: x | E38: 37 | F38: Sanlutty FC | G38: =VLOOKUP(F38,A:B,2,FALSE) -> 87.58 | I38: 2026 | J38: , | K38: 30 | L38: , | M38: 37 | N38: , | O38: =G38 -> 87.58 | P38: =CONCATENATE(I38,J38,K38,L38,M38,N38,O38) -> 2026,30,37,87.58
A39: ZAGO PRATIS FC | B39: =VLOOKUP(A39,'Colagem D'!T:U,2,FALSE) -> 72.27 | C39: x | E39: 38 | F39: Mitinga`s F.C | G39: =VLOOKUP(F39,A:B,2,FALSE) -> 106.98 | I39: 2026 | J39: , | K39: 30 | L39: , | M39: 38 | N39: , | O39: =G39 -> 106.98 | P39: =CONCATENATE(I39,J39,K39,L39,M39,N39,O39) -> 2026,30,38,106.98
A40: Tupinianos FC | B40: =VLOOKUP(A40,'Colagem D'!T:U,2,FALSE) -> 36.91 | C40: x | E40: 39 | F40: Realmengo07 Fc | G40: =VLOOKUP(F40,A:B,2,FALSE) -> 98.48 | I40: 2026 | J40: , | K40: 30 | L40: , | M40: 39 | N40: , | O40: =G40 -> 98.48 | P40: =CONCATENATE(I40,J40,K40,L40,M40,N40,O40) -> 2026,30,39,98.48
A41: Ipanema13 | B41: =VLOOKUP(A41,'Colagem D'!T:U,2,FALSE) -> 104.58 | C41: x | E41: 40 | F41: E.C. Ocram 5.6 | G41: =VLOOKUP(F41,A:B,2,FALSE) -> 100.58 | I41: 2026 | J41: , | K41: 30 | L41: , | M41: 40 | N41: , | O41: =G41 -> 100.58 | P41: =CONCATENATE(I41,J41,K41,L41,M41,N41,O41) -> 2026,30,40,100.58
A42: J.V.Finhani | B42: =VLOOKUP(A42,'Colagem D'!T:U,2,FALSE) -> 104.99 | C42: x | E42: 41 | F42: SC Ornaghi Paulista | G42: =VLOOKUP(F42,A:B,2,FALSE) -> 98.99 | I42: 2026 | J42: , | K42: 30 | L42: , | M42: 41 | N42: , | O42: =G42 -> 98.99 | P42: =CONCATENATE(I42,J42,K42,L42,M42,N42,O42) -> 2026,30,41,98.99
A43: 08 Ratto FC | B43: =VLOOKUP(A43,'Colagem D'!T:U,2,FALSE) -> 57.57 | C43: x | E43: 42 | F43: ZAGO PRATIS FC | G43: =VLOOKUP(F43,A:B,2,FALSE) -> 72.27 | I43: 2026 | J43: , | K43: 30 | L43: , | M43: 42 | N43: , | O43: =G43 -> 72.27 | P43: =CONCATENATE(I43,J43,K43,L43,M43,N43,O43) -> 2026,30,42,72.27
A44: Silasbrs FC | B44: =VLOOKUP(A44,'Colagem D'!T:U,2,FALSE) -> 104.07 | C44: x | E44: 43 | F44: TIMAO R.F.G | G44: =VLOOKUP(F44,A:B,2,FALSE) -> 100.18 | I44: 2026 | J44: , | K44: 30 | L44: , | M44: 43 | N44: , | O44: =G44 -> 100.18 | P44: =CONCATENATE(I44,J44,K44,L44,M44,N44,O44) -> 2026,30,43,100.18
A45: Real Rattaria FC | B45: =VLOOKUP(A45,'Colagem D'!T:U,2,FALSE) -> 67.55 | C45: x | E45: 44 | F45: Maletinhas F.C. | G45: =VLOOKUP(F45,A:B,2,FALSE) -> 92.88 | I45: 2026 | J45: , | K45: 30 | L45: , | M45: 44 | N45: , | O45: =G45 -> 92.88 | P45: =CONCATENATE(I45,J45,K45,L45,M45,N45,O45) -> 2026,30,44,92.88
A46: A D Peaky Blinders | B46: =VLOOKUP(A46,'Colagem D'!T:U,2,FALSE) -> 83.28 | C46: x | E46: 45 | F46: Na Midola FC | G46: =VLOOKUP(F46,A:B,2,FALSE) -> 89.68 | I46: 2026 | J46: , | K46: 30 | L46: , | M46: 45 | N46: , | O46: =G46 -> 89.68 | P46: =CONCATENATE(I46,J46,K46,L46,M46,N46,O46) -> 2026,30,45,89.68
A47: Adshow17 F.C | B47: =VLOOKUP(A47,'Colagem D'!T:U,2,FALSE) -> 81.68 | C47: x | E47: 46 | F47: SAY ZIKA | G47: =VLOOKUP(F47,A:B,2,FALSE) -> 91.68 | I47: 2026 | J47: , | K47: 30 | L47: , | M47: 46 | N47: , | O47: =G47 -> 91.68 | P47: =CONCATENATE(I47,J47,K47,L47,M47,N47,O47) -> 2026,30,46,91.68
... A58: DIDIBRE FC | B58: =VLOOKUP(A58,'Colagem D'!T:U,2,FALSE) -> 32.03 | C58: x | E58: 57 | F58: GEJA | G58: =VLOOKUP(F58,A:B,2,FALSE) -> 98.23 | I58: 2026 | J58: , | K58: 30 | L58: , | M58: 57 | N58: , | O58: =G58 -> 98.23 | P58: =CONCATENATE(I58,J58,K58,L58,M58,N58,O58) -> 2026,30,57,98.23
A59: Massiminismo FC | B59: 91.64 | C59: x | E59: 58 | F59: Wedgol | G59: =VLOOKUP(F59,A:B,2,FALSE) -> 106.38 | I59: 2026 | J59: , | K59: 30 | L59: , | M59: 58 | N59: , | O59: =G59 -> 106.38 | P59: =CONCATENATE(I59,J59,K59,L59,M59,N59,O59) -> 2026,30,58,106.38
E60: 59 | F60: Allejo Team F.C | G60: =VLOOKUP(F60,A:B,2,FALSE) -> 86.28 | I60: 2026 | J60: , | K60: 30 | L60: , | M60: 59 | N60: , | O60: =G60 -> 86.28 | P60: =CONCATENATE(I60,J60,K60,L60,M60,N60,O60) -> 2026,30,59,86.28

Sheet CBRASIL D
B1: Nome Time | C1: Duplas | G1: Nome Time | H1: Duplas | M1: 1 | N1: A Bala do Allejo | O1: Juquitas FC + Allejo Team F.C | P1: 201.59
A2: 1 | B2: Machadada no Mengo | C2: Machadotti1972 + Realmengo07 Fc | D2: 159.9 | E2: X | F2: 92.81 | G2: O Nascimento do Dibre | H2: Didibre FC + nascimento124 | I2: 32 | J2: =IF(D2>F2,C2,H2) -> Machadotti1972 + Realmengo07 Fc | K2: 1 | M2: 2 | N2: Garota de Marília | O2: Mariliense F.C + Ipanema13 | P2: 170.16
A3: 2 | B3: Laranja Imensa | C3: SC Ornaghi Paulista + Bike Cristo | D3: 160.83 | E3: X | F3: 79.59 | G3: Marco Enferrujado | H3: Ferrugem Ultimate + Marco-FSA | I3: 31 | J3: =IF(D3>F3,C3,H3) -> SC Ornaghi Paulista + Bike Cristo | K3: 2 | M3: 3 | N3: Ocram Wanderes | O3: Luket Wanderes fc + E.C. Ocram 5.6 | P3: 166.81
A4: 3 | B4: Debi e Loide | C4: TIMAO R.F.G + Gigantes Morumbi F.C | D4: 133.03 | E4: X | F4: 124.53 | G4: O gordo e o tonto | H4: SC Ornaghi Paulista + ZAGO PRATIS FC | I4: 30 | J4: =IF(D4>F4,C4,H4) -> TIMAO R.F.G + Gigantes Morumbi F.C | K4: 3 | M4: 4 | N4: FeliSEP | O4: Tua mãe SEP + F.C Felicio F.C | P4: 165.91
A5: 4 | B5: A Bala do Allejo | C5: Juquitas FC + Allejo Team F.C | D5: 201.59 | E5: X | F5: 133.82 | G5: Pelicano do Egito | H5: Al Ahly Ecc + Pelicano Papada F.C | I5: 29 | J5: =IF(D5>F5,C5,H5) -> Juquitas FC + Allejo Team F.C | K5: 4 | M5: 5 | N5: AdShottta | O5: Adshow17 F.C + Sobottka FC 633 | P5: 163.60
A6: 5 | B6: Porcos Parrudos | C6: PALM£IRAS S.E.P. + ParrudoS Team | D6: 133.21 | E6: X | F6: 148.86 | G6: Silas Mitagens | H6: Mitinga`s F.C + Silasbrs FC | I6: 28 | J6: =IF(D6>F6,C6,H6) -> Mitinga`s F.C + Silasbrs FC | K6: 5 | M6: 6 | N6: Laranja Imensa | O6: SC Ornaghi Paulista + Bike Cristo | P6: 160.83
A7: 6 | B7: Garota de Marília | C7: Mariliense F.C + Ipanema13 | D7: 170.16 | E7: X | F7: 113.14 | G7: Rato de Mala | H7: mala03fc + 08 Ratto FC | I7: 27 | J7: =IF(D7>F7,C7,H7) -> Mariliense F.C + Ipanema13 | K7: 6 | M7: 7 | N7: Machadada no Mengo | O7: Machadotti1972 + Realmengo07 Fc | P7: 159.90
A8: 7 | B8: Globetrotters Frios e Calculistas | C8: Brabo Globetrotters + A D Peaky Blinders | D8: 154.85 | E8: X | F8: 147.12 | G8: Restos de Sanlutty | H8: FOI O QUE SOBROU + Sanlutty FC | I8: 26 | J8: =IF(D8>F8,C8,H8) -> Brabo Globetrotters + A D Peaky Blinders | K8: 7 | M8: 8 | N8: Globetrotters Frios e Calculistas | O8: Brabo Globetrotters + A D Peaky Blinders | P8: 154.85
A9: 8 | B9: Geja o Gol | C9: GEJA + Wedgol | D9: 106.93 | E9: X | F9: 114.81 | G9: Lovers | H9: Xuchélides + Pelicano Papada F.C | I9: 25 | J9: =IF(D9>F9,C9,H9) -> Xuchélides + Pelicano Papada F.C | K9: 8 | M9: 9 | N9: Cala e Finja | O9: CalazansTeam + J.V.Finhani | P9: 153.23
A10: 9 | B10: Cala e Finja | C10: CalazansTeam + J.V.Finhani | D10: 153.23 | E10: X | F10: 116.33 | G10: Reclame Aqui no Boteco | H10: Olimpingas Sport Club + Miss Procon Futebol Clube | I10: 24 | J10: =IF(D10>F10,C10,H10) -> CalazansTeam + J.V.Finhani | K10: 9 | M10: 10 | N10: Tranquilidade Zicada | O10: Joga Tranquilo F.S. + SAY ZIKA | P10: 150.60
A11: 10 | B11: A Maleta de Dez Real | C11: Maletinhas F.C. + Deizão Futebol Clube | D11: 127.23 | E11: X | F11: 119 | G11: Pano no Inferno | H11: Botafogo Hell + Hpano FC | I11: 23 | J11: =IF(D11>F11,C11,H11) -> Maletinhas F.C. + Deizão Futebol Clube | K11: 10 | M11: 11 | N11: Silas Mitagens | O11: Mitinga`s F.C + Silasbrs FC | P11: 148.86
A12: 11 | B12: O véio e o vesgo | C12: ZAGO PRATIS FC + Bike Cristo | D12: 128 | E12: X | F12: 123.9 | G12: Rattaria Máxima | H12: Real Rattaria FC + Massiminismo FC | I12: 22 | J12: =IF(D12>F12,C12,H12) -> ZAGO PRATIS FC + Bike Cristo | K12: 11 | M12: 12 | N12: Restos de Sanlutty | O12: FOI O QUE SOBROU + Sanlutty FC | P12: 147.12
A13: 12 | B13: Burzandico | C13: Andico F.C + Burza F C | D13: 76.04 | E13: X | F13: 109.65 | G13: Mosby na Midola | H13: Mosby + Na Midola FC | I13: 21 | J13: =IF(D13>F13,C13,H13) -> Mosby + Na Midola FC | K13: 12 | M13: 13 | N13: Tupis de Grajaú | O13: Grajaux City F.C. + Tupinianos FC | P13: 145.20
... A17: 16 | B17: Almirobense | C17: Almi Jr. FC + Gabirobense | D17: 105.82 | E17: X | F17: 163.6 | G17: AdShottta | H17: Adshow17 F.C + Sobottka FC 633 | I17: 17 | J17: =IF(D17>F17,C17,H17) -> Adshow17 F.C + Sobottka FC 633 | K17: 16 | M17: 17 | N17: Porcos Parrudos | O17: PALM£IRAS S.E.P. + ParrudoS Team | P17: 133.21
M18: 18 | N18: Debi e Loide | O18: TIMAO R.F.G + Gigantes Morumbi F.C | P18: 133.03
B19: Nome Time | C19: Duplas | G19: Nome Time | H19: Duplas | M19: 19 | N19: O véio e o vesgo | O19: ZAGO PRATIS FC + Bike Cristo | P19: 128.00
B20: Machadada no Mengo | C20: Machadotti1972 + Realmengo07 Fc | E20: X | G20: AdShottta | H20: Adshow17 F.C + Sobottka FC 633 | M20: 20 | N20: A Maleta de Dez Real | O20: Maletinhas F.C. + Deizão Futebol Clube | P20: 127.23
B21: Laranja Imensa | C21: SC Ornaghi Paulista + Bike Cristo | E21: X | G21: Ocram Wanderes | H21: Luket Wanderes fc + E.C. Ocram 5.6 | M21: 21 | N21: O gordo e o tonto | O21: SC Ornaghi Paulista + ZAGO PRATIS FC | P21: 124.53
B22: Debi e Loide | C22: TIMAO R.F.G + Gigantes Morumbi F.C | E22: X | G22: Sobrou o Dinizismo | H22: Diniz Santastico1 + SÓRRESTO | M22: 22 | N22: Rattaria Máxima | O22: Real Rattaria FC + Massiminismo FC | P22: 123.90
B23: A Bala do Allejo | C23: Juquitas FC + Allejo Team F.C | E23: X | G23: Tranquilidade Zicada | H23: Joga Tranquilo F.S. + SAY ZIKA | M23: 23 | N23: Pano no Inferno | O23: Botafogo Hell + Hpano FC | P23: 119.00
B24: Silas Mitagens | C24: Mitinga`s F.C + Silasbrs FC | E24: X | G24: Mosby na Midola | H24: Mosby + Na Midola FC | M24: 24 | N24: Reclame Aqui no Boteco | O24: Olimpingas Sport Club + Miss Procon Futebol Clube | P24: 116.33
B25: Garota de Marília | C25: Mariliense F.C + Ipanema13 | E25: X | G25: O véio e o vesgo | H25: ZAGO PRATIS FC + Bike Cristo | M25: 25 | N25: Lovers | O25: Xuchélides + Pelicano Papada F.C | P25: 114.81
B26: Globetrotters Frios e Calculistas | C26: Brabo Globetrotters + A D Peaky Blinders | E26: X | G26: A Maleta de Dez Real | H26: Maletinhas F.C. + Deizão Futebol Clube | M26: 26 | N26: Rato de Mala | O26: mala03fc + 08 Ratto FC | P26: 113.14
B27: Lovers | C27: Xuchélides + Pelicano Papada F.C | E27: X | G27: Cala e Finja | H27: CalazansTeam + J.V.Finhani | M27: 27 | N27: Mosby na Midola | O27: Mosby + Na Midola FC | P27: 109.65
M28: 28 | N28: Geja o Gol | O28: GEJA + Wedgol | P28: 106.93
M29: 29 | N29: Almirobense | O29: Almi Jr. FC + Gabirobense | P29: 105.82
M30: 30 | N30: O Nascimento do Dibre | O30: Didibre FC + nascimento124 | P30: 92.81
M31: 31 | N31: Marco Enferrujado | O31: Ferrugem Ultimate + Marco-FSA | P31: 79.59
M32: 32 | N32: Burzandico | O32: Andico F.C + Burza F C | P32: 76.04

Sheet Planilha7
Q1: rodada 4 | W1: certo | AA1: errad
A2: p | B2: j | C2: t | D2: 1 | E2: 2 | F2: 3 | G2: 4 | J2: Ipanema13 | K2: =VLOOKUP(J2,C:F,3,FALSE) -> 69.73 | L2: =VLOOKUP(M2,C:F,4,FALSE) -> 0 | M2: S C Taleb Paulista | N2: =IF(K2>L2,J2,M2) -> Ipanema13 | P2: 1 | Q2: Bike Cristo | R2: =VLOOKUP(Q2,C:G,5,FALSE) -> 82.15 | S2: x | T2: =VLOOKUP(U2,C:G,5,FALSE) -> 88.88 | U2: Ipanema13 | V2: Ipanema13 | W2: Ipanema13 | X2: x | Y2: SC Ornaghi Paulista | AA2: 2] Centenario Alviverde | AB2: x | AC2: [76] Mosby
A3: 1 | B3: D FERREIRA | C3: Grajaux City F.C. | D3: 51.66 | E3: 72.25 | F3: 87.61 | G3: 103.35 | H3: 314.87 | J3: Xuchélides | K3: =VLOOKUP(J3,C:F,3,FALSE) -> 69.15 | L3: =VLOOKUP(M3,C:F,4,FALSE) -> 64.39 | M3: DuTurolla | N3: =IF(K3>L3,J3,M3) -> Xuchélides | P3: 2 | Q3: Centenario Alviverde | R3: =VLOOKUP(Q3,C:G,5,FALSE) -> 65.48 | S3: x | T3: =VLOOKUP(U3,C:G,5,FALSE) -> 61.15 | U3: Xuchélides | V3: Centenario Alviverde | W3: Centenario Alviverde | X3: x | Y3: Botafogo Hell | AA3: [3] ARREGUYZEIRO | AB3: x | AC3: [66] Luket Wanderes fc
A4: 2 | B4: C BARBOSA | C4: Nenenzico FC | D4: 66.8 | E4: 78.93 | F4: 93.31 | G4: 102.35 | H4: 341.39 | J4: 08 Ratto FC | K4: =VLOOKUP(J4,C:F,3,FALSE) -> 68.93 | L4: =VLOOKUP(M4,C:F,4,FALSE) -> 46.09 | M4: Lanterninha Futebol Clube | N4: =IF(K4>L4,J4,M4) -> 08 Ratto FC | P4: 3 | Q4: ARREGUYZEIRO | R4: =VLOOKUP(Q4,C:G,5,FALSE) -> 101.46 | S4: x | T4: =VLOOKUP(U4,C:G,5,FALSE) -> 49.65 | U4: 08 Ratto FC | V4: ARREGUYZEIRO | W4: ARREGUYZEIRO | X4: x | Y4: Allejo Team F.C | AA4: [5] Juquitas FC | AB4: x | AC4: [60] Bilao Sport FC
A5: 3 | B5: W SILVA | C5: Juquitas FC | D5: 52.5 | E5: 95.19 | F5: 69.91 | G5: 101.76 | H5: 319.36 | J5: J.V.Finhani | K5: =VLOOKUP(J5,C:F,3,FALSE) -> 68.85 | L5: =VLOOKUP(M5,C:F,4,FALSE) -> 40.05 | M5: CR Pelég | N5: =IF(K5>L5,J5,M5) -> J.V.Finhani | P5: 4 | Q5: Na Midola FC | R5: =VLOOKUP(Q5,C:G,5,FALSE) -> 27.7 | S5: x | T5: =VLOOKUP(U5,C:G,5,FALSE) -> 78.95 | U5: J.V.Finhani | V5: J.V.Finhani | W5: J.V.Finhani | X5: x | Y5: FOI O QUE SOBROU | AA5: [6] Andrétero FC | AB5: x | AC5: [52] Adshow17 F.C
A6: 4 | B6: B ARREGUY | C6: ARREGUYZEIRO | D6: 61.46 | E6: 96.45 | F6: 98.41 | G6: 101.46 | H6: 357.78 | J6: Sempre ForteF.C. | K6: =VLOOKUP(J6,C:F,3,FALSE) -> 68.73 | L6: =VLOOKUP(M6,C:F,4,FALSE) -> 72.09 | M6: Abóbora Futebol C | N6: =IF(K6>L6,J6,M6) -> Abóbora Futebol C | P6: 5 | Q6: Juquitas FC | R6: =VLOOKUP(Q6,C:G,5,FALSE) -> 101.76 | S6: x | T6: =VLOOKUP(U6,C:G,5,FALSE) -> 60.05 | U6: Abóbora Futebol C | V6: Juquitas FC | W6: Juquitas FC | X6: x | Y6: Nenenzico FC | AA6: [9] GIGANTES MORUMBI F.C | AB6: x | AC6: [49] J.V.Finhani
A7: 5 | B7: Y ALLEJO | C7: Allejo Team F.C | D7: 63.46 | E7: 73.15 | F7: 87.71 | G7: 99.83 | H7: 324.15 | J7: Almi Jr. FC | K7: =VLOOKUP(J7,C:F,3,FALSE) -> 68.65 | L7: =VLOOKUP(M7,C:F,4,FALSE) -> 54.11 | M7: EmesuShow Porcolino | N7: =IF(K7>L7,J7,M7) -> Almi Jr. FC | P7: 6 | Q7: Andrétero FC | R7: =VLOOKUP(Q7,C:G,5,FALSE) -> 64.15 | S7: x | T7: =VLOOKUP(U7,C:G,5,FALSE) -> 29.36 | U7: Almi Jr. FC | V7: Andrétero FC | W7: Andrétero FC | X7: x | Y7: A D Peaky Blinders | AA7: [10] CalazansTeam | AB7: x | AC7: [46] Ipanema13
A8: 6 | B8: VERON | C8: FUCKER AND SUCKER FC | D8: 78 | E8: 63.85 | F8: 75.09 | G8: 96.09 | H8: 313.03 | J8: Adshow17 F.C | K8: =VLOOKUP(J8,C:F,3,FALSE) -> 68.43 | L8: =VLOOKUP(M8,C:F,4,FALSE) -> 61.49 | M8: Ferrugem Ultimate | N8: =IF(K8>L8,J8,M8) -> Adshow17 F.C | P8: 7 | Q8: PALM£IRAS S.E.P. | R8: =VLOOKUP(Q8,C:G,5,FALSE) -> 74.25 | S8: x | T8: =VLOOKUP(U8,C:G,5,FALSE) -> 78.55 | U8: Adshow17 F.C | V8: Adshow17 F.C | W8: Adshow17 F.C | X8: x | Y8: Grajaux City F.C. | AA8: [11] CamisaNegra FC | AB8: x | AC8: [42] Di Levis F.S
A9: 7 | B9: ALE CHINELO | C9: Ipanema13 | D9: 64.46 | E9: 69.73 | F9: 86.31 | G9: 88.88 | H9: 309.38 | J9: ZEKABOLEIRO | K9: =VLOOKUP(J9,C:F,3,FALSE) -> 68.15 | L9: =VLOOKUP(M9,C:F,4,FALSE) -> 77.45 | M9: Mosby | N9: =IF(K9>L9,J9,M9) -> Mosby | P9: 8 | Q9: Vuduzera | R9: =VLOOKUP(Q9,C:G,5,FALSE) -> 65.55 | S9: x | T9: =VLOOKUP(U9,C:G,5,FALSE) -> 81.95 | U9: Mosby | V9: Mosby | W9: Mosby | X9: x | Y9: Brabo Globetrotters | AA9: [12] GEJA | AB9: x | AC9: [39] Grajaux City F.C.
A10: 8 | B10: R TRIPAO | C10: ZEKABOLEIRO | D10: 57.36 | E10: 68.15 | F10: 74.05 | G10: 88.75 | H10: 288.31 | J10: MC Formigão F.C | K10: =VLOOKUP(J10,C:F,3,FALSE) -> 67.65 | L10: =VLOOKUP(M10,C:F,4,FALSE) -> 73.47 | M10: Evans Jr FC | N10: =IF(K10>L10,J10,M10) -> Evans Jr FC | P10: 9 | Q10: GIGANTES MORUMBI F.C | R10: =VLOOKUP(Q10,C:G,5,FALSE) -> 74.65 | S10: x | T10: =VLOOKUP(U10,C:G,5,FALSE) -> 38.7 | U10: Evans Jr FC | V10: GIGANTES MORUMBI F.C | W10: GIGANTES MORUMBI F.C | X10: x | Y10: Gabirobense | AA10: [13] E.C. Ocram 5.6 | AB10: x | AC10: [38] Silasbrs FC
A11: 9 | B11: M OCRAM | C11: E.C. Ocram 5.6 | D11: 50.56 | E11: 85.13 | F11: 86.61 | G11: 86.65 | H11: 308.95 | J11: Futebol Samba Resenha (FSR) | K11: =VLOOKUP(J11,C:F,3,FALSE) -> 67.45 | L11: =VLOOKUP(M11,C:F,4,FALSE) -> 52.71 | M11: ZAGO PRATIS FC | N11: =IF(K11>L11,J11,M11) -> Futebol Samba Resenha (FSR) | P11: 10 | Q11: CalazansTeam | R11: =VLOOKUP(Q11,C:G,5,FALSE) -> 74.28 | S11: x | T11: =VLOOKUP(U11,C:G,5,FALSE) -> 43.45 | U11: Futebol Samba Resenha (FSR) | V11: CalazansTeam | W11: CalazansTeam | X11: x | Y11: Di Levis F.S | AA11: [14] Joga Tranquilo F.S. | AB11: x | AC11: [36] FOI O QUE SOBROU
A12: 10 | B12: G SOBOTTKA | C12: Sobottka FC 633 | D12: 66.8 | E12: 79.25 | F12: 65.21 | G12: 85.05 | H12: 296.31 | J12: Schuletroll | K12: =VLOOKUP(J12,C:F,3,FALSE) -> 66.56 | L12: =VLOOKUP(M12,C:F,4,FALSE) -> 73.49 | M12: A Gurizada Tricolor | N12: =IF(K12>L12,J12,M12) -> A Gurizada Tricolor | Q12: CamisaNegra FC | R12: =VLOOKUP(Q12,C:G,5,FALSE) -> 77.86 | S12: x | T12: =VLOOKUP(U12,C:G,5,FALSE) -> 51.25 | U12: A Gurizada Tricolor | V12: CamisaNegra FC | W12: CamisaNegra FC | X12: x | Y12: TIMAO R.F.G | AA12: [16] CRPELUSO | AB12: x | AC12: [35] Allejo Team F.C
A13: 11 | B13: VEIO DA LARANJA | C13: Bike Cristo | D13: 55.76 | E13: 102.55 | F13: 78.41 | G13: 82.15 | H13: 318.87 | J13: BURZA10 F C | K13: =VLOOKUP(J13,C:F,3,FALSE) -> 65.85 | L13: =VLOOKUP(M13,C:F,4,FALSE) -> 45.89 | M13: WMM United | N13: =IF(K13>L13,J13,M13) -> BURZA10 F C | Q13: GEJA | R13: =VLOOKUP(Q13,C:G,5,FALSE) -> 64.48 | S13: x | T13: =VLOOKUP(U13,C:G,5,FALSE) -> 33.16 | U13: BURZA10 F C | V13: GEJA | W13: GEJA | X13: x | Y13: Amigos do Loco Abreu | AA13: [17] OtoPat@ma | AB13: x | AC13: [33] SC Ornaghi Paulista
A14: 12 | B14: F ROSSI | C14: Mosby | D14: 60.26 | E14: 47.95 | F14: 77.45 | G14: 81.95 | H14: 267.61 | J14: Massiminismo FC | K14: =VLOOKUP(J14,C:F,3,FALSE) -> 65.55 | L14: =VLOOKUP(M14,C:F,4,FALSE) -> 86.01 | M14: Borussia do Jaguaré | N14: =IF(K14>L14,J14,M14) -> Borussia do Jaguaré | Q14: E.C. Ocram 5.6 | R14: =VLOOKUP(Q14,C:G,5,FALSE) -> 86.65 | S14: x | T14: =VLOOKUP(U14,C:G,5,FALSE) -> 46.76 | U14: Borussia do Jaguaré | V14: E.C. Ocram 5.6 | W14: E.C. Ocram 5.6 | X14: x | Y14: Maletinhas F.C. | AA14: [19] LMD FC | AB14: x | AC14: [31] Botafogo Hell
A15: 13 | B15: S SIQUEIRA | C15: Silasbrs FC | D15: 56.9 | E15: 72.75 | F15: 85.61 | G15: 81.78 | H15: 297.04 | J15: Mala03Fc | K15: =VLOOKUP(J15,C:F,3,FALSE) -> 65.45 | L15: =VLOOKUP(M15,C:F,4,FALSE) -> 68.31 | M15: C. Bassi FC | N15: =IF(K15>L15,J15,M15) -> C. Bassi FC | Q15: Joga Tranquilo F.S. | R15: =VLOOKUP(Q15,C:G,5,FALSE) -> 69.45 | S15: x | T15: =VLOOKUP(U15,C:G,5,FALSE) -> 65.35 | U15: C. Bassi FC | V15: Joga Tranquilo F.S. | W15: Joga Tranquilo F.S. | X15: x | Y15: LMD FC | AA15: [20] Maletinhas F.C. | AB15: x | AC15: [28] Nenenzico FC
A16: 14 | B16: BRABO | C16: Brabo Globetrotters | D16: 56.46 | E16: 79.33 | F16: 84.61 | G16: 81.05 | H16: 301.45 | J16: Bilao Sport FC | K16: =VLOOKUP(J16,C:F,3,FALSE) -> 64.93 | L16: =VLOOKUP(M16,C:F,4,FALSE) -> 75.59 | M16: SE Champz | N16: =IF(K16>L16,J16,M16) -> SE Champz | Q16: Diniz Santastico1 | R16: =VLOOKUP(Q16,C:G,5,FALSE) -> 56.65 | S16: x | T16: =VLOOKUP(U16,C:G,5,FALSE) -> 75.63 | U16: SE Champz | V16: SE Champz | W16: SE Champz | X16: x | Y16: Luket Wanderes fc | AA16: [21] Amigos do Loco Abreu | AB16: x | AC16: [25] Brabo Globetrotters
A17: 15 | B17: LUKET | C17: Luket Wanderes fc | D17: 72.86 | E17: 61.05 | F17: 93.21 | G17: 80.16 | H17: 307.28 | J17: AvantiPalestraFC | K17: =VLOOKUP(J17,C:F,3,FALSE) -> 64.85 | L17: =VLOOKUP(M17,C:F,4,FALSE) -> 96.31 | M17: Mitinga`s F.C | N17: =IF(K17>L17,J17,M17) -> Mitinga`s F.C | Q17: CRPELUSO | R17: =VLOOKUP(Q17,C:G,5,FALSE) -> 77.95 | S17: x | T17: =VLOOKUP(U17,C:G,5,FALSE) -> 67.08 | U17: Mitinga`s F.C | V17: CRPELUSO | W17: CRPELUSO | X17: x | Y17: OtoPat@ma | AA17: [22] TIMAO R.F.G | AB17: x | AC17: [24] Gabirobense
A18: 16 | B18: L MATIAS | C18: LMD FC | D18: 57.36 | E18: 81.93 | F18: 81.09 | G18: 79.36 | H18: 299.74 | J18: HPano FC | K18: =VLOOKUP(J18,C:F,3,FALSE) -> 64.25 | L18: =VLOOKUP(M18,C:F,4,FALSE) -> 99.89 | M18: Kings Futebol Club | N18: =IF(K18>L18,J18,M18) -> Kings Futebol Club | Q18: OtoPat@ma | R18: =VLOOKUP(Q18,C:G,5,FALSE) -> 77.88 | S18: x | T18: =VLOOKUP(U18,C:G,5,FALSE) -> 71.66 | U18: Kings Futebol Club
A19: 17 | B19: R MALETA | C19: Maletinhas F.C. | D19: 55.36 | E19: 81.65 | F19: 89.71 | G19: 78.95 | H19: 305.67 | J19: FUCKER AND SUCKER FC | K19: =VLOOKUP(J19,C:F,3,FALSE) -> 63.85 | L19: =VLOOKUP(M19,C:F,4,FALSE) -> 93.21 | M19: Luket Wanderes fc | N19: =IF(K19>L19,J19,M19) -> Luket Wanderes fc | Q19: Adriano ZIZU | R19: =VLOOKUP(Q19,C:G,5,FALSE) -> 59.45 | S19: x | T19: =VLOOKUP(U19,C:G,5,FALSE) -> 80.16 | U19: Luket Wanderes fc
A20: 18 | B20: J FINHANI | C20: J.V.Finhani | D20: 68.4 | E20: 68.85 | F20: 70.41 | G20: 78.95 | H20: 286.61 | J20: Os Porko é Loko - Z/O | K20: =VLOOKUP(J20,C:F,3,FALSE) -> 62.95 | L20: =VLOOKUP(M20,C:F,4,FALSE) -> 82.29 | M20: APELÕES FUTEBOL CLUB | N20: =IF(K20>L20,J20,M20) -> APELÕES FUTEBOL CLUB | Q20: LMD FC | R20: =VLOOKUP(Q20,C:G,5,FALSE) -> 79.36 | S20: x | T20: =VLOOKUP(U20,C:G,5,FALSE) -> 78.16 | U20: APELÕES FUTEBOL CLUB
A21: 19 | B21: ORNAGHI | C21: SC Ornaghi Paulista | D21: 60.3 | E21: 74.05 | F21: 71.75 | G21: 78.68 | H21: 284.78 | Q21: Maletinhas F.C. | R21: =VLOOKUP(Q21,C:G,5,FALSE) -> 78.95 | S21: x | T21: =VLOOKUP(U21,C:G,5,FALSE) -> 53.66 | U21: Pelicano Papada F.C
A22: 20 | B22: ADSON | C22: Adshow17 F.C | D22: 62.16 | E22: 68.43 | F22: 71.21 | G22: 78.55 | H22: 280.35 | Q22: Amigos do Loco Abreu | R22: =VLOOKUP(Q22,C:G,5,FALSE) -> 74.65 | S22: x | T22: =VLOOKUP(U22,C:G,5,FALSE) -> 56.25 | U22: SE Coringas do Piero
A23: 21 | B23: G QUIRINO | C23: APELÕES FUTEBOL CLUB | D23: 0 | E23: 61.25 | F23: 82.29 | G23: 78.16 | H23: 221.7 | Q23: TIMAO R.F.G | R23: =VLOOKUP(Q23,C:G,5,FALSE) -> 58.38 | S23: x | T23: =VLOOKUP(U23,C:G,5,FALSE) -> 57.63 | U23: Lintz Leite FC
A24: 22 | B24: C PELUSO | C24: CRPELUSO | D24: 71.26 | E24: 84.75 | F24: 73.41 | G24: 77.95 | H24: 307.37 | Q24: Andico F.C | R24: =VLOOKUP(Q24,C:G,5,FALSE) -> 40.28 | S24: x | T24: =VLOOKUP(U24,C:G,5,FALSE) -> 75.48 | U24: Di Levis F.S
A25: 23 | B25: P OTO | C25: OtoPat@ma | D25: 48.06 | E25: 83.65 | F25: 66.71 | G25: 77.88 | H25: 276.3 | Q25: Gabirobense | R25: =VLOOKUP(Q25,C:G,5,FALSE) -> 76.46 | S25: x | T25: =VLOOKUP(U25,C:G,5,FALSE) -> 42.45 | U25: Wedgol
A26: 24 | B26: LISSAO | C26: CamisaNegra FC | D26: 60.76 | E26: 85.45 | F26: 73.91 | G26: 77.86 | H26: 297.98 | Q26: Brabo Globetrotters | R26: =VLOOKUP(Q26,C:G,5,FALSE) -> 81.05 | S26: x | T26: =VLOOKUP(U26,C:G,5,FALSE) -> 61.83 | U26: Coxinha Prime
A27: 25 | B27: GABI CADE | C27: Gabirobense | D27: 50.26 | E27: 80.29 | F27: 63.19 | G27: 76.46 | H27: 270.2 | Q27: Sobottka FC 633 | R27: =VLOOKUP(Q27,C:G,5,FALSE) -> 85.05 | S27: x | T27: =VLOOKUP(U27,C:G,5,FALSE) -> 103.35 | U27: Grajaux City F.C.
A28: 26 | B28: C GREGORIO | C28: SE Champz | D28: 51.46 | E28: 59.99 | F28: 75.59 | G28: 75.63 | H28: 262.67 | Q28: A D Peaky Blinders | R28: =VLOOKUP(Q28,C:G,5,FALSE) -> 54.55 | S28: x | T28: =VLOOKUP(U28,C:G,5,FALSE) -> 41.85 | U28: Tupinianos FC
A29: 27 | B29: B OLIVEIRA | C29: Di Levis F.S | D29: 66.8 | E29: 71.45 | F29: 77.31 | G29: 75.48 | H29: 291.04 | Q29: Nenenzico FC | R29: =VLOOKUP(Q29,C:G,5,FALSE) -> 102.35 | S29: x | T29: =VLOOKUP(U29,C:G,5,FALSE) -> 81.78 | U29: Silasbrs FC
A30: 28 | B30: S GARCIA | C30: GIGANTES MORUMBI F.C | D30: 39.26 | E30: 92.23 | F30: 87.21 | G30: 74.65 | H30: 293.35 | Q30: Bilao Sport Club | R30: =VLOOKUP(Q30,C:G,5,FALSE) -> 42.15 | S30: x | T30: =VLOOKUP(U30,C:G,5,FALSE) -> 74.56 | U30: FOI O QUE SOBROU
A31: 29 | B31: R FILGUEIRAS | C31: Amigos do Loco Abreu | D31: 57.86 | E31: 80.75 | F31: 65.11 | G31: 74.65 | H31: 278.37 | Q31: Real Rattaria FC | R31: =VLOOKUP(Q31,C:G,5,FALSE) -> 62.75 | S31: x | T31: =VLOOKUP(U31,C:G,5,FALSE) -> 99.83 | U31: Allejo Team F.C
A32: 30 | B32: EDIPO | C32: FOI O QUE SOBROU | D32: 46.16 | E32: 73.15 | F32: 51.55 | G32: 74.56 | H32: 245.42 | Q32: Botafogo Hell | R32: =VLOOKUP(Q32,C:G,5,FALSE) -> 55.35 | S32: x | T32: =VLOOKUP(U32,C:G,5,FALSE) -> 34.93 | U32: Metamoney F.C
A33: 31 | B33: A CALAZANS | C33: CalazansTeam | D33: 66.86 | E33: 87.63 | F33: 77.91 | G33: 74.28 | H33: 306.68 | Q33: sccpguifc | R33: =VLOOKUP(Q33,C:G,5,FALSE) -> 41.4 | S33: x | T33: =VLOOKUP(U33,C:G,5,FALSE) -> 78.68 | U33: SC Ornaghi Paulista
A34: 32 | B34: D LONGO | C34: PALM£IRAS S.E.P. | D34: 66.86 | E34: 93.55 | F34: 63.91 | G34: 74.25 | H34: 298.57
A35: 33 | B35: M REIS | C35: Kings Futebol Club | D35: 59.07 | E35: 60.98 | F35: 99.89 | G35: 71.66 | H35: 291.6
A36: 34 | B36: R TAGLIA | C36: Lanterninha Futebol Clube | D36: 73.45 | E36: 19.66 | F36: 46.09 | G36: 70.48 | H36: 209.68
A37: 35 | B37: DREXX | C37: Joga Tranquilo F.S. | D37: 74.2 | E37: 84.95 | F37: 80.21 | G37: 69.45 | H37: 308.81
A38: 36 | B38: M CANTALEGO | C38: Mitinga`s F.C | D38: 67.96 | E38: 60.73 | F38: 96.31 | G38: 67.08 | H38: 292.08
A39: 37 | B39: VUDU | C39: Vuduzera | D39: 56.26 | E39: 92.25 | F39: 71.91 | G39: 65.55 | H39: 285.97
A40: 38 | B40: A JAMES | C40: Centenario Alviverde | D40: 61.35 | E40: 99.65 | F40: 73.81 | G40: 65.48 | H40: 300.29
A41: 39 | B41: BASSI | C41: C. Bassi FC | D41: 68.4 | E41: 58.65 | F41: 68.31 | G41: 65.35 | H41: 260.71
A42: 40 | B42: WED | C42: GEJA | D42: 69.1 | E42: 85.35 | F42: 89.99 | G42: 64.48 | H42: 308.92
A43: 41 | B43: A MENDES | C43: Andrétero FC | D43: 55.76 | E43: 93.85 | F43: 74.71 | G43: 64.15 | H43: 288.47
A44: 42 | B44: H PANOBIANCO | C44: HPano FC | D44: 78.7 | E44: 64.25 | F44: 79.61 | G44: 63.65 | H44: 286.21
A45: 43 | B45: G ALENCAR | C45: Bilao Sport FC | D45: 71.56 | E45: 64.93 | F45: 84.59 | G45: 63.56 | H45: 284.64
... A85: 83 | B85: TALEB | C85: S C Taleb Paulista | D85: 0 | E85: 0 | F85: 0 | G85: 0 | H85: 0

Sheet COPA MUNDO
A1: P | B1: NOME DA DUPLA | C1: DUPLA | D1: PTS | E1: GRUPO | G1: 1 | H1: A Maleta de Dez Real | I1: Maletinhas F.C. + Deizão Futebol Clube | J1: 170.50 | M1: GRUPOS | T1: A | X1: DIF | AA1: GRUPOS | AC1: P | AD1: V | AE1: E | AF1: D | AG1: PP | AH1: PP | AI1: SALO | AL1: GRUPOS | AN1: P | AO1: V | AP1: E | AQ1: D | AR1: PP | AS1: PP | AT1: SALO | AW1: OITAVAS
A2: 1 | B2: Globetrotters Frios e Calculistas | C2: Brabo Globetrotters + A D Peaky Blinders | D2: 133.37 | E2: A | G2: 2 | H2: Pelicano do Egito | I2: Al Ahly Ecc + Pelicano Papada F.C | J2: 165.90 | M2: Globetrotters Frios e Calculistas | N2: Brabo Globetrotters + A D Peaky Blinders | O2: A | Q2: =M2 -> Globetrotters Frios e Calculistas | R2: =N2 -> Brabo Globetrotters + A D Peaky Blinders | S2: 135.95 | T2: X | U2: 159.6 | V2: =M5 -> Porcos Parrudos | W2: =N5 -> PALM£IRAS S.E.P. + ParrudoS Team | X2: =S2-U2 -> -23.65 | Z2: A | AA2: Globetrotters Frios e Calculistas | AB2: Brabo Globetrotters + A D Peaky Blinders | AC2: 0 | AD2: 0 | AE2: 0 | AF2: 3 | AG2: =SUM(S2,S4,S6) -> 431.87 | AH2: =SUM(U2,U4,U6) -> 494.11 | AI2: =AG2-AH2 -> -62.24 | AK2: A | AL2: Porcos Parrudos | AM2: PALM£IRAS S.E.P. + ParrudoS Team | AN2: 7 | AO2: 2 | AP2: 0 | AQ2: 1 | AR2: 476.01 | AS2: 361.6 | AT2: 114.41 | AW2: Porcos Parrudos | AX2: PALM£IRAS S.E.P. + ParrudoS Team | AY2: 105.3 | AZ2: X | BA2: 115.8 | BB2: Geja o Gol | BC2: GEJA + Wedgol | BD2: =AY2-BA2 -> -10.5 | BE2: =IF(AY2>BA2,AW2,BB2) -> Geja o Gol | BF2: =IF(AY2>BA2,AX2,BC2) -> GEJA + Wedgol
A3: 2 | B3: Restos de Sanlutty | C3: FOI O QUE SOBROU + Sanlutty FC | D3: 133.04 | E3: B | G3: 3 | H3: Porcos Parrudos | I3: PALM£IRAS S.E.P. + ParrudoS Team | J3: 159.60 | M3: Tupis de Grajaú | N3: Grajaux City F.C. + Tupinianos FC | O3: A | Q3: =M3 -> Tupis de Grajaú | R3: =N3 -> Grajaux City F.C. + Tupinianos FC | S3: 148.46 | T3: X | U3: 147.7 | V3: =M4 -> Laranja Imensa | W3: =N4 -> SC Ornaghi Paulista + Bike Cristo | X3: =S3-U3 -> 0.76 | Z3: A | AA3: Tupis de Grajaú | AB3: Grajaux City F.C. + Tupinianos FC | AC3: 5 | AD3: 2 | AE3: 0 | AF3: 1 | AG3: =SUM(S3,S5,U6) -> 408.92 | AH3: =SUM(U3,U5,S6) -> 487.86 | AI3: =AG3-AH3 -> -78.94 | AK3: A | AL3: Laranja Imensa | AM3: SC Ornaghi Paulista + Bike Cristo | AN3: 6 | AO3: 2 | AP3: 0 | AQ3: 1 | AR3: 447.4 | AS3: 420.63 | AT3: 26.77 | AW3: Restos de Sanlutty | AX3: FOI O QUE SOBROU + Sanlutty FC | AY3: 80.18 | AZ3: X | BA3: 79.86 | BB3: Laranja Imensa | BC3: SC Ornaghi Paulista + Bike Cristo | BD3: =AY3-BA3 -> 0.32 | BE3: =IF(AY3>BA3,AW3,BB3) -> Restos de Sanlutty | BF3: =IF(AY3>BA3,AX3,BC3) -> FOI O QUE SOBROU + Sanlutty FC
A4: 3 | B4: Garota de Marília | C4: Mariliense F.C + Ipanema13 | D4: 131.78 | E4: C | G4: 4 | H4: Tranquilidade Zicada | I4: Joga Tranquilo F.S. + SAY ZIKA | J4: 159.50 | M4: Laranja Imensa | N4: SC Ornaghi Paulista + Bike Cristo | O4: A | Q4: =Q2 -> Globetrotters Frios e Calculistas | R4: =R2 -> Brabo Globetrotters + A D Peaky Blinders | S4: 161.54 | T4: X | U4: 187.41 | V4: =V3 -> Laranja Imensa | W4: =W3 -> SC Ornaghi Paulista + Bike Cristo | X4: =S4-U4 -> -25.87 | Z4: A | AA4: Laranja Imensa | AB4: SC Ornaghi Paulista + Bike Cristo | AC4: 6 | AD4: 2 | AE4: 0 | AF4: 1 | AG4: =SUM(U3,U4,U7) -> 447.4 | AH4: =SUM(S3,S4,S7) -> 420.63 | AI4: =AG4-AH4 -> 26.77 | AK4: A | AL4: Tupis de Grajaú | AM4: Grajaux City F.C. + Tupinianos FC | AN4: 5 | AO4: 2 | AP4: 0 | AQ4: 1 | AR4: 408.92 | AS4: 487.86 | AT4: -78.94 | AW4: Debi e Loide | AX4: TIMAO R.F.G + Gigantes Morumbi F.C | AY4: 86.2 | AZ4: X | BA4: 79.59 | BB4: O véio e o vesgo | BC4: ZAGO PRATIS FC + Bike Cristo | BD4: =AY4-BA4 -> 6.61 | BE4: =IF(AY4>BA4,AW4,BB4) -> Debi e Loide | BF4: =IF(AY4>BA4,AX4,BC4) -> TIMAO R.F.G + Gigantes Morumbi F.C
A5: 4 | B5: A Bala do Allejo | C5: Juquitas FC + Allejo Team F.C | D5: 124.56 | E5: D | G5: 5 | H5: Garota de Marília | I5: Mariliense F.C + Ipanema13 | J5: 159.40 | M5: Porcos Parrudos | N5: PALM£IRAS S.E.P. + ParrudoS Team | O5: A | Q5: =Q3 -> Tupis de Grajaú | R5: =R3 -> Grajaux City F.C. + Tupinianos FC | S5: 113.36 | T5: X | U5: 205.78 | V5: =V2 -> Porcos Parrudos | W5: =W2 -> PALM£IRAS S.E.P. + ParrudoS Team | X5: =S5-U5 -> -92.42 | Z5: A | AA5: Porcos Parrudos | AB5: PALM£IRAS S.E.P. + ParrudoS Team | AC5: 7 | AD5: 2 | AE5: 0 | AF5: 1 | AG5: =SUM(U2,U5,S7) -> 476.01 | AH5: =SUM(S2,S5,U7) -> 361.6 | AI5: =AG5-AH5 -> 114.41 | AK5: A | AL5: Globetrotters Frios e Calculistas | AM5: Brabo Globetrotters + A D Peaky Blinders | AN5: 0 | AO5: 0 | AP5: 0 | AQ5: 3 | AR5: 431.87 | AS5: 494.11 | AT5: -62.24 | AW5: A Bala do Allejo | AX5: Juquitas FC + Allejo Team F.C | AY5: 78.28 | AZ5: X | BA5: 98.26 | BB5: Tranquilidade Zicada | BC5: Joga Tranquilo F.S. + SAY ZIKA | BD5: =AY5-BA5 -> -19.98 | BE5: =IF(AY5>BA5,AW5,BB5) -> Tranquilidade Zicada | BF5: =IF(AY5>BA5,AX5,BC5) -> Joga Tranquilo F.S. + SAY ZIKA
A6: 5 | B6: AdShottta | C6: Adshow17 F.C + Sobottka FC 633 | D6: 121.24 | E6: E | G6: 6 | H6: Debi e Loide | I6: TIMAO R.F.G + Gigantes Morumbi F.C | J6: 156.50 | Q6: =Q2 -> Globetrotters Frios e Calculistas | R6: =R2 -> Brabo Globetrotters + A D Peaky Blinders | S6: 134.38 | T6: X | U6: 147.1 | V6: =Q3 -> Tupis de Grajaú | W6: =R3 -> Grajaux City F.C. + Tupinianos FC | X6: =S6-U6 -> -12.72 | AW6: AdShottta | AX6: Adshow17 F.C + Sobottka FC 633 | AY6: 101.3 | AZ6: X | BA6: 116.35 | BB6: Lovers | BC6: Xuchélides + Pelicano Papada F.C | BD6: =AY6-BA6 -> -15.05 | BE6: =IF(AY6>BA6,AW6,BB6) -> Lovers | BF6: =IF(AY6>BA6,AX6,BC6) -> Xuchélides + Pelicano Papada F.C
A7: 6 | B7: Cala e Finja | C7: CalazansTeam + J.V.Finhani | D7: 120.96 | E7: F | G7: 7 | H7: Rattaria Máxima | I7: Real Rattaria FC + Massiminismo FC | J7: 152.96 | M7: Restos de Sanlutty | N7: FOI O QUE SOBROU + Sanlutty FC | O7: B | Q7: =V2 -> Porcos Parrudos | R7: =W2 -> PALM£IRAS S.E.P. + ParrudoS Team | S7: 110.63 | T7: X | U7: 112.29 | V7: =V3 -> Laranja Imensa | W7: =W3 -> SC Ornaghi Paulista + Bike Cristo | X7: =S7-U7 -> -1.66 | AW7: Cala e Finja | AX7: CalazansTeam + J.V.Finhani | AY7: 113.3 | AZ7: X | BA7: 126.08 | BB7: Chulé de Globetrotter | BC7: Brabo Globetrotters + Schuletroll | BD7: =AY7-BA7 -> -12.78 | BE7: =IF(AY7>BA7,AW7,BB7) -> Chulé de Globetrotter | BF7: =IF(AY7>BA7,AX7,BC7) -> Brabo Globetrotters + Schuletroll
A8: 7 | B8: Almirobense | C8: Almi Jr. FC + Gabirobense | D8: 119.45 | E8: G | G8: 8 | H8: Lovers | I8: Xuchélides + Pelicano Papada F.C | J8: 152.63 | M8: Geja o Gol | N8: GEJA + Wedgol | O8: B | AW8: A Maleta de Dez Real | AX8: Maletinhas F.C. + Deizão Futebol Clube | AY8: 104.5 | AZ8: X | BA8: 62.5 | BB8: Mosby na Midola | BC8: Mosby + Na Midola FC | BD8: =AY8-BA8 -> 42 | BE8: =IF(AY8>BA8,AW8,BB8) -> A Maleta de Dez Real | BF8: =IF(AY8>BA8,AX8,BC8) -> Maletinhas F.C. + Deizão Futebol Clube
A9: 8 | B9: Silas Mitagens | C9: Mitinga`s F.C + Silasbrs FC | D9: 117.64 | E9: H | G9: 9 | H9: A Bala do Allejo | I9: Juquitas FC + Allejo Team F.C | J9: 151.80 | M9: Pano no Inferno | N9: Botafogo Hell + Hpano FC | O9: B | T9: B | AC9: P | AD9: V | AE9: E | AF9: D | AG9: PP | AH9: PP | AI9: SALO | AN9: P | AO9: V | AP9: E | AQ9: D | AR9: PP | AS9: PP | AT9: SALO | AW9: Ocram Wanderes | AX9: Luket Wanderes fc + E.C. Ocram 5.6 | AY9: 128.6 | AZ9: X | BA9: 117.2 | BB9: Reclame Aqui no Boteco | BC9: Olimpingas Sport Club + Miss Procon Futebol Clube | BD9: =AY9-BA9 -> 11.4 | BE9: =IF(AY9>BA9,AW9,BB9) -> Ocram Wanderes | BF9: =IF(AY9>BA9,AX9,BC9) -> Luket Wanderes fc + E.C. Ocram 5.6
A10: 9 | B10: Tupis de Grajaú | C10: Grajaux City F.C. + Tupinianos FC | D10: 117.02 | E10: A | G10: 10 | H10: Almirobense | I10: Almi Jr. FC + Gabirobense | J10: 149.50 | M10: Burzandico | N10: Andico F.C + Burza F C | O10: B | Q10: =M7 -> Restos de Sanlutty | R10: =N7 -> FOI O QUE SOBROU + Sanlutty FC | S10: 112.8 | T10: X | U10: 95.43 | V10: =M10 -> Burzandico | W10: =N10 -> Andico F.C + Burza F C | X10: =S10-U10 -> 17.37 | Z10: B | AA10: Restos de Sanlutty | AB10: FOI O QUE SOBROU + Sanlutty FC | AC10: 9 | AD10: 3 | AE10: 0 | AF10: 0 | AG10: =SUM(S10,S12,S14) -> 528.16 | AH10: =SUM(U10,U12,U14) -> 437.29 | AI10: =AG10-AH10 -> 90.87 | AK10: B | AL10: Restos de Sanlutty | AM10: FOI O QUE SOBROU + Sanlutty FC | AN10: 9 | AO10: 3 | AP10: 0 | AQ10: 0 | AR10: 528.16 | AS10: 437.29 | AT10: 90.87
A11: 10 | B11: Geja o Gol | C11: GEJA + Wedgol | D11: 112.54 | E11: B | G11: 11 | H11: Tupis de Grajaú | I11: Grajaux City F.C. + Tupinianos FC | J11: 148.46 | Q11: =M8 -> Geja o Gol | R11: =N8 -> GEJA + Wedgol | S11: 126.7 | T11: X | U11: 134 | V11: =M9 -> Pano no Inferno | W11: =N9 -> Botafogo Hell + Hpano FC | X11: =S11-U11 -> -7.3 | Z11: B | AA11: Geja o Gol | AB11: GEJA + Wedgol | AC11: 4 | AD11: 1 | AE11: 0 | AF11: 2 | AG11: =SUM(S11,S13,U14) -> 490.86 | AH11: =SUM(U11,U13,S14) -> 504.94 | AI11: =AG11-AH11 -> -14.08 | AK11: B | AL11: Geja o Gol | AM11: GEJA + Wedgol | AN11: 4 | AO11: 1 | AP11: 0 | AQ11: 2 | AR11: 490.86 | AS11: 504.94 | AT11: -14.08 | AW11: QUARTAS
A12: 11 | B12: Debi e Loide | C12: TIMAO R.F.G + Gigantes Morumbi F.C | D12: 111.65 | E12: C | G12: 12 | H12: Laranja Imensa | I12: SC Ornaghi Paulista + Bike Cristo | J12: 147.70 | M12: Garota de Marília | N12: Mariliense F.C + Ipanema13 | O12: C | Q12: =Q10 -> Restos de Sanlutty | R12: =R10 -> FOI O QUE SOBROU + Sanlutty FC | S12: 207.68 | T12: X | U12: 159.78 | V12: =V11 -> Pano no Inferno | W12: =W11 -> Botafogo Hell + Hpano FC | X12: =S12-U12 -> 47.9 | Z12: B | AA12: Pano no Inferno | AB12: Botafogo Hell + Hpano FC | AC12: 3 | AD12: 1 | AE12: 0 | AF12: 2 | AG12: =SUM(U11,U12,U15) -> 453.56 | AH12: =SUM(S11,S12,S15) -> 497.64 | AI12: =AG12-AH12 -> -44.08 | AK12: B | AL12: Pano no Inferno | AM12: Botafogo Hell + Hpano FC | AN12: 3 | AO12: 1 | AP12: 0 | AQ12: 2 | AR12: 453.56 | AS12: 497.64 | AT12: -44.08 | AW12: Geja o Gol | AX12: GEJA + Wedgol | AY12: 137.24 | AZ12: X | BA12: 150.27 | BB12: Ocram Wanderes | BC12: Luket Wanderes fc + E.C. Ocram 5.6 | BD12: =AY12-BA12 -> -13.03 | BE12: =IF(AY12>BA12,AW12,BB12) -> Ocram Wanderes | BF12: =IF(AY12>BA12,AX12,BC12) -> Luket Wanderes fc + E.C. Ocram 5.6
A13: 12 | B13: Machadada no Mengo | C13: Machadotti1972 + Realmengo07 Fc | D13: 111.58 | E13: D | G13: 13 | H13: Cala e Finja | I13: CalazansTeam + J.V.Finhani | J13: 147.30 | M13: Debi e Loide | N13: TIMAO R.F.G + Gigantes Morumbi F.C | O13: C | Q13: =Q11 -> Geja o Gol | R13: =R11 -> GEJA + Wedgol | S13: 182.08 | T13: X | U13: 163.26 | V13: =V10 -> Burzandico | W13: =W10 -> Andico F.C + Burza F C | X13: =S13-U13 -> 18.82 | Z13: B | AA13: Burzandico | AB13: Andico F.C + Burza F C | AC13: 2 | AD13: 1 | AE13: 0 | AF13: 2 | AG13: =SUM(U10,U13,S15) -> 421.95 | AH13: =SUM(S10,S13,U15) -> 454.66 | AI13: =AG13-AH13 -> -32.71 | AK13: B | AL13: Burzandico | AM13: Andico F.C + Burza F C | AN13: 2 | AO13: 1 | AP13: 0 | AQ13: 2 | AR13: 421.95 | AS13: 454.66 | AT13: -32.71 | AW13: Restos de Sanlutty | AX13: FOI O QUE SOBROU + Sanlutty FC | AY13: 150.28 | AZ13: X | BA13: 145.94 | BB13: A Maleta de Dez Real | BC13: Maletinhas F.C. + Deizão Futebol Clube | BD13: =AY13-BA13 -> 4.34 | BE13: =IF(AY13>BA13,AW13,BB13) -> Restos de Sanlutty | BF13: =IF(AY13>BA13,AX13,BC13) -> FOI O QUE SOBROU + Sanlutty FC
A14: 13 | B14: O gordo e o tonto | C14: SC Ornaghi Paulista + ZAGO PRATIS FC | D14: 109.24 | E14: E | G14: 14 | H14: Ocram Wanderes | I14: Luket Wanderes fc + E.C. Ocram 5.6 | J14: 142.50 | M14: Tranquilidade Zicada | N14: Joga Tranquilo F.S. + SAY ZIKA | O14: C | Q14: =Q10 -> Restos de Sanlutty | R14: =R10 -> FOI O QUE SOBROU + Sanlutty FC | S14: 207.68 | T14: X | U14: 182.08 | V14: =Q11 -> Geja o Gol | W14: =R11 -> GEJA + Wedgol | X14: =S14-U14 -> 25.6 | AW14: Debi e Loide | AX14: TIMAO R.F.G + Gigantes Morumbi F.C | AY14: 156.1 | AZ14: X | BA14: 169.68 | BB14: Chulé de Globetrotter | BC14: Brabo Globetrotters + Schuletroll | BD14: =AY14-BA14 -> -13.58 | BE14: =IF(AY14>BA14,AW14,BB14) -> Chulé de Globetrotter | BF14: =IF(AY14>BA14,AX14,BC14) -> Brabo Globetrotters + Schuletroll
A15: 14 | B15: Rato de Mala | C15: mala03fc + 08 Ratto FC | D15: 108.77 | E15: F | G15: 15 | H15: Chulé de Globetrotter | I15: Brabo Globetrotters + Schuletroll | J15: 142.40 | M15: Pelicano do Egito | N15: Al Ahly Ecc + Pelicano Papada F.C | O15: C | Q15: =V10 -> Burzandico | R15: =W10 -> Andico F.C + Burza F C | S15: 163.26 | T15: X | U15: 159.78 | V15: =V11 -> Pano no Inferno | W15: =W11 -> Botafogo Hell + Hpano FC | X15: =S15-U15 -> 3.48 | AW15: Tranquilidade Zicada | AX15: Joga Tranquilo F.S. + SAY ZIKA | AY15: 162.46 | AZ15: X | BA15: 158.08 | BB15: Lovers | BC15: Xuchélides + Pelicano Papada F.C | BD15: =AY15-BA15 -> 4.38 | BE15: =IF(AY15>BA15,AW15,BB15) -> Tranquilidade Zicada | BF15: =IF(AY15>BA15,AX15,BC15) -> Joga Tranquilo F.S. + SAY ZIKA
A16: 15 | B16: Reclame Aqui no Boteco | C16: Olimpingas Sport Club + Miss Procon Futebol Clube | D16: 108.34 | E16: G | G16: 16 | H16: Rato de Mala | I16: mala03fc + 08 Ratto FC | J16: 142.07
A17: 16 | B17: Mosby na Midola | C17: Mosby + Na Midola FC | D17: 107.56 | E17: H | G17: 17 | H17: Marco Enferrujado | I17: Ferrugem Ultimate + Marco-FSA | J17: 141.10 | M17: A Bala do Allejo | N17: Juquitas FC + Allejo Team F.C | O17: D | T17: C | AC17: P | AD17: V | AE17: E | AF17: D | AG17: PP | AH17: PP | AI17: SALO | AN17: P | AO17: V | AP17: E | AQ17: D | AR17: PP | AS17: PP | AT17: SALO | AW17: SEMIS
A18: 17 | B18: Laranja Imensa | C18: SC Ornaghi Paulista + Bike Cristo | D18: 107.04 | E18: A | G18: 18 | H18: Reclame Aqui no Boteco | I18: Olimpingas Sport Club + Miss Procon Futebol Clube | J18: 140.20 | M18: Machadada no Mengo | N18: Machadotti1972 + Realmengo07 Fc | O18: D | Q18: =M12 -> Garota de Marília | R18: =N12 -> Mariliense F.C + Ipanema13 | S18: 159.4 | T18: X | U18: 165.9 | V18: =M15 -> Pelicano do Egito | W18: =N15 -> Al Ahly Ecc + Pelicano Papada F.C | X18: =S18-U18 -> -6.5 | Z18: C | AA18: Garota de Marília | AB18: Mariliense F.C + Ipanema13 | AC18: 4 | AD18: 1 | AE18: 0 | AF18: 2 | AG18: =SUM(S18,S20,S22) -> 602.16 | AH18: =SUM(U18,U20,U22) -> 617.66 | AI18: =AG18-AH18 -> -15.5 | AK18: C | AL18: Debi e Loide | AM18: TIMAO R.F.G + Gigantes Morumbi F.C | AN18: 7 | AO18: 2 | AP18: 0 | AQ18: 1 | AR18: 649.46 | AS18: 596.96 | AT18: 52.5 | AW18: Ocram Wanderes | AX18: Luket Wanderes fc + E.C. Ocram 5.6 | AY18: 131.34 | AZ18: X | BA18: 134.74 | BB18: Tranquilidade Zicada | BC18: Joga Tranquilo F.S. + SAY ZIKA | BD18: =AY18-BA18 -> -3.4 | BE18: =IF(AY18>BA18,AW18,BB18) -> Tranquilidade Zicada | BF18: =IF(AY18>BA18,AX18,BC18) -> Joga Tranquilo F.S. + SAY ZIKA
A19: 18 | B19: Pano no Inferno | C19: Botafogo Hell + Hpano FC | D19: 104.94 | E19: B | G19: 19 | H19: O véio e o vesgo | I19: ZAGO PRATIS FC + Bike Cristo | J19: 137.70 | M19: O véio e o vesgo | N19: ZAGO PRATIS FC + Bike Cristo | O19: D | Q19: =M13 -> Debi e Loide | R19: =N13 -> TIMAO R.F.G + Gigantes Morumbi F.C | S19: 156.5 | T19: X | U19: 159.5 | V19: =M14 -> Tranquilidade Zicada | W19: =N14 -> Joga Tranquilo F.S. + SAY ZIKA | X19: =S19-U19 -> -3 | Z19: C | AA19: Debi e Loide | AB19: TIMAO R.F.G + Gigantes Morumbi F.C | AC19: 7 | AD19: 2 | AE19: 0 | AF19: 1 | AG19: =SUM(S19,S21,U22) -> 649.46 | AH19: =SUM(U19,U21,S22) -> 596.96 | AI19: =AG19-AH19 -> 52.5 | AK19: C | AL19: Tranquilidade Zicada | AM19: Joga Tranquilo F.S. + SAY ZIKA | AN19: 5 | AO19: 2 | AP19: 0 | AQ19: 1 | AR19: 570.06 | AS19: 517.97 | AT19: 52.09 | AW19: Restos de Sanlutty | AX19: FOI O QUE SOBROU + Sanlutty FC | AY19: 150.24 | AZ19: X | BA19: 153.04 | BB19: Chulé de Globetrotter | BC19: Brabo Globetrotters + Schuletroll | BD19: =AY19-BA19 -> -2.8 | BE19: =IF(AY19>BA19,AW19,BB19) -> Chulé de Globetrotter | BF19: =IF(AY19>BA19,AX19,BC19) -> Brabo Globetrotters + Schuletroll
A20: 19 | B20: Tranquilidade Zicada | C20: Joga Tranquilo F.S. + SAY ZIKA | D20: 104.26 | E20: C | G20: 20 | H20: Mosby na Midola | I20: Mosby + Na Midola FC | J20: 137.70 | M20: Sobrou o Dinizismo | N20: Diniz Santastico1 + SÓRRESTO | O20: D | Q20: =Q18 -> Garota de Marília | R20: =R18 -> Mariliense F.C + Ipanema13 | S20: 221.38 | T20: X | U20: 205.28 | V20: =V19 -> Tranquilidade Zicada | W20: =W19 -> Joga Tranquilo F.S. + SAY ZIKA | X20: =S20-U20 -> 16.1 | Z20: C | AA20: Tranquilidade Zicada | AB20: Joga Tranquilo F.S. + SAY ZIKA | AC20: 5 | AD20: 2 | AE20: 0 | AF20: 1 | AG20: =SUM(U19,U20,U23) -> 570.06 | AH20: =SUM(S19,S20,S23) -> 517.97 | AI20: =AG20-AH20 -> 52.09 | AK20: C | AL20: Garota de Marília | AM20: Mariliense F.C + Ipanema13 | AN20: 4 | AO20: 1 | AP20: 0 | AQ20: 2 | AR20: 602.16 | AS20: 617.66 | AT20: -15.5
A21: 20 | B21: O véio e o vesgo | C21: ZAGO PRATIS FC + Bike Cristo | D21: 103.54 | E21: D | G21: 21 | H21: Globetrotters Frios e Calculistas | I21: Brabo Globetrotters + A D Peaky Blinders | J21: 135.95 | Q21: =Q19 -> Debi e Loide | R21: =R19 -> TIMAO R.F.G + Gigantes Morumbi F.C | S21: 246.48 | T21: X | U21: 216.08 | V21: =V18 -> Pelicano do Egito | W21: =W18 -> Al Ahly Ecc + Pelicano Papada F.C | X21: =S21-U21 -> 30.4 | Z21: C | AA21: Pelicano do Egito | AB21: Al Ahly Ecc + Pelicano Papada F.C | AC21: 2 | AD21: 1 | AE21: 0 | AF21: 2 | AG21: =SUM(U18,U21,S23) -> 522.07 | AH21: =SUM(S18,S21,U23) -> 611.16 | AI21: =AG21-AH21 -> -89.09 | AK21: C | AL21: Pelicano do Egito | AM21: Al Ahly Ecc + Pelicano Papada F.C | AN21: 2 | AO21: 1 | AP21: 0 | AQ21: 2 | AR21: 522.07 | AS21: 611.16 | AT21: -89.09 | AW21: FINAL
A22: 21 | B22: Chulé de Globetrotter | C22: Brabo Globetrotters + Schuletroll | D22: 102.34 | E22: E | G22: 22 | H22: Silas Mitagens | I22: Mitinga`s F.C + Silasbrs FC | J22: 135.60 | M22: AdShottta | N22: Adshow17 F.C + Sobottka FC 633 | O22: E | Q22: =Q18 -> Garota de Marília | R22: =R18 -> Mariliense F.C + Ipanema13 | S22: 221.38 | T22: X | U22: 246.48 | V22: =Q19 -> Debi e Loide | W22: =R19 -> TIMAO R.F.G + Gigantes Morumbi F.C | X22: =S22-U22 -> -25.1 | AW22: Tranquilidade Zicada | AX22: Joga Tranquilo F.S. + SAY ZIKA | AZ22: X | BB22: Chulé de Globetrotter | BC22: Brabo Globetrotters + Schuletroll
A23: 22 | B23: FeliSEP | C23: Tua mãe SEP + F.C Felicio F.C | D23: 101.87 | E23: F | G23: 23 | H23: Pano no Inferno | I23: Botafogo Hell + Hpano FC | J23: 134.00 | M23: O gordo e o tonto | N23: SC Ornaghi Paulista + ZAGO PRATIS FC | O23: E | Q23: =V18 -> Pelicano do Egito | R23: =W18 -> Al Ahly Ecc + Pelicano Papada F.C | S23: 140.09 | T23: X | U23: 205.28 | V23: =V19 -> Tranquilidade Zicada | W23: =W19 -> Joga Tranquilo F.S. + SAY ZIKA | X23: =S23-U23 -> -65.19
A24: 23 | B24: A Maleta de Dez Real | C24: Maletinhas F.C. + Deizão Futebol Clube | D24: 101.55 | E24: G | G24: 24 | H24: Sobrou o Dinizismo | I24: Diniz Santastico1 + SÓRRESTO | J24: 129.60 | M24: Chulé de Globetrotter | N24: Brabo Globetrotters + Schuletroll | O24: E
A25: 24 | B25: Ocram Wanderes | C25: Luket Wanderes fc + E.C. Ocram 5.6 | D25: 99.26 | E25: H | G25: 25 | H25: Geja o Gol | I25: GEJA + Wedgol | J25: 126.70 | M25: Marco Enferrujado | N25: Ferrugem Ultimate + Marco-FSA | O25: E | T25: D | AC25: P | AD25: V | AE25: E | AF25: D | AG25: PP | AH25: PP | AI25: SALO | AN25: P | AO25: V | AP25: E | AQ25: D | AR25: PP | AS25: PP | AT25: SALO
A26: 25 | B26: Porcos Parrudos | C26: PALM£IRAS S.E.P. + ParrudoS Team | D26: 98.14 | E26: A | G26: 26 | H26: AdShottta | I26: Adshow17 F.C + Sobottka FC 633 | J26: 126.40 | Q26: =M17 -> A Bala do Allejo | R26: =N17 -> Juquitas FC + Allejo Team F.C | S26: 151.8 | T26: X | U26: 129.6 | V26: =M20 -> Sobrou o Dinizismo | W26: =N20 -> Diniz Santastico1 + SÓRRESTO | X26: =S26-U26 -> 22.2 | Z26: D | AA26: A Bala do Allejo | AB26: Juquitas FC + Allejo Team F.C | AC26: 8 | AD26: 3 | AE26: 0 | AF26: 0 | AG26: =SUM(S26,S28,S30) -> 600 | AH26: =SUM(U26,U28,U30) -> 550.56 | AI26: =AG26-AH26 -> 49.44 | AK26: D | AL26: A Bala do Allejo | AM26: Juquitas FC + Allejo Team F.C | AN26: 8 | AO26: 3 | AP26: 0 | AQ26: 0 | AR26: 600 | AS26: 550.56 | AT26: 49.44
A27: 26 | B27: Burzandico | C27: Andico F.C + Burza F C | D27: 97.55 | E27: B | G27: 27 | H27: O gordo e o tonto | I27: SC Ornaghi Paulista + ZAGO PRATIS FC | J27: 126.10 | M27: Cala e Finja | N27: CalazansTeam + J.V.Finhani | O27: F | Q27: =M18 -> Machadada no Mengo | R27: =N18 -> Machadotti1972 + Realmengo07 Fc | S27: 122.43 | T27: X | U27: 137.7 | V27: =M19 -> O véio e o vesgo | W27: =N19 -> ZAGO PRATIS FC + Bike Cristo | X27: =S27-U27 -> -15.27 | Z27: D | AA27: Machadada no Mengo | AB27: Machadotti1972 + Realmengo07 Fc | AC27: 4 | AD27: 1 | AE27: 0 | AF27: 2 | AG27: =SUM(S27,S29,U30) -> 561.79 | AH27: =SUM(U27,U29,S30) -> 560.08 | AI27: =AG27-AH27 -> 1.71 | AK27: D | AL27: O véio e o vesgo | AM27: ZAGO PRATIS FC + Bike Cristo | AN27: 5 | AO27: 2 | AP27: 0 | AQ27: 1 | AR27: 540.26 | AS27: 544.81 | AT27: -4.55
A28: 27 | B28: Pelicano do Egito | C28: Al Ahly Ecc + Pelicano Papada F.C | D28: 91.64 | E28: C | G28: 28 | H28: Machadada no Mengo | I28: Machadotti1972 + Realmengo07 Fc | J28: 122.43 | M28: Rato de Mala | N28: mala03fc + 08 Ratto FC | O28: F | Q28: =Q26 -> A Bala do Allejo | R28: =R26 -> Juquitas FC + Allejo Team F.C | S28: 224.1 | T28: X | U28: 201.28 | V28: =V27 -> O véio e o vesgo | W28: =W27 -> ZAGO PRATIS FC + Bike Cristo | X28: =S28-U28 -> 22.82 | Z28: D | AA28: O véio e o vesgo | AB28: ZAGO PRATIS FC + Bike Cristo | AC28: 5 | AD28: 2 | AE28: 0 | AF28: 1 | AG28: =SUM(U27,U28,U31) -> 540.26 | AH28: =SUM(S27,S28,S31) -> 544.81 | AI28: =AG28-AH28 -> -4.55 | AK28: D | AL28: Machadada no Mengo | AM28: Machadotti1972 + Realmengo07 Fc | AN28: 4 | AO28: 1 | AP28: 0 | AQ28: 2 | AR28: 561.79 | AS28: 560.08 | AT28: 1.71
A29: 28 | B29: Sobrou o Dinizismo | C29: Diniz Santastico1 + SÓRRESTO | D29: 91.14 | E29: D | G29: 29 | H29: FeliSEP | I29: Tua mãe SEP + F.C Felicio F.C | J29: 119.05 | M29: FeliSEP | N29: Tua mãe SEP + F.C Felicio F.C | O29: F | Q29: =Q27 -> Machadada no Mengo | R29: =R27 -> Machadotti1972 + Realmengo07 Fc | S29: 219.68 | T29: X | U29: 198.28 | V29: =V26 -> Sobrou o Dinizismo | W29: =W26 -> Diniz Santastico1 + SÓRRESTO | X29: =S29-U29 -> 21.4 | Z29: D | AA29: Sobrou o Dinizismo | AB29: Diniz Santastico1 + SÓRRESTO | AC29: 1 | AD29: 0 | AE29: 0 | AF29: 2 | AG29: =SUM(U26,U29,S31) -> 526.16 | AH29: =SUM(S26,S29,U31) -> 572.76 | AI29: =AG29-AH29 -> -46.6 | AK29: D | AL29: Sobrou o Dinizismo | AM29: Diniz Santastico1 + SÓRRESTO | AN29: 1 | AO29: 0 | AP29: 0 | AQ29: 2 | AR29: 526.16 | AS29: 572.76 | AT29: -46.6
A30: 29 | B30: Marco Enferrujado | C30: Ferrugem Ultimate + Marco-FSA | D30: 85.02 | E30: E | G30: 30 | H30: Restos de Sanlutty | I30: FOI O QUE SOBROU + Sanlutty FC | J30: 112.80 | M30: Lovers | N30: Xuchélides + Pelicano Papada F.C | O30: F | Q30: =Q26 -> A Bala do Allejo | R30: =R26 -> Juquitas FC + Allejo Team F.C | S30: 224.1 | T30: X | U30: 219.68 | V30: =Q27 -> Machadada no Mengo | W30: =R27 -> Machadotti1972 + Realmengo07 Fc | X30: =S30-U30 -> 4.42
A31: 30 | B31: Lovers | C31: Xuchélides + Pelicano Papada F.C | D31: 81.04 | E31: F | G31: 31 | H31: O Nascimento do Dibre | I31: Didibre FC + nascimento124 | J31: 98.79 | Q31: =V26 -> Sobrou o Dinizismo | R31: =W26 -> Diniz Santastico1 + SÓRRESTO | S31: 198.28 | T31: X | U31: 201.28 | V31: =V27 -> O véio e o vesgo | W31: =W27 -> ZAGO PRATIS FC + Bike Cristo | X31: =S31-U31 -> -3
A32: 31 | B32: Rattaria Máxima | C32: Real Rattaria FC + Massiminismo FC | D32: 71.76 | E32: G | G32: 32 | H32: Burzandico | I32: Andico F.C + Burza F C | J32: 95.43 | M32: Almirobense | N32: Almi Jr. FC + Gabirobense | O32: G
A33: 32 | B33: O Nascimento do Dibre | C33: Didibre FC + nascimento124 | D33: 68.74 | E33: H | M33: Reclame Aqui no Boteco | N33: Olimpingas Sport Club + Miss Procon Futebol Clube | O33: G | T33: E | AC33: P | AD33: V | AE33: E | AF33: D | AG33: PP | AH33: PP | AI33: SALO | AN33: P | AO33: V | AP33: E | AQ33: D | AR33: PP | AS33: PP | AT33: SALO
M34: A Maleta de Dez Real | N34: Maletinhas F.C. + Deizão Futebol Clube | O34: G | Q34: =M22 -> AdShottta | R34: =N22 -> Adshow17 F.C + Sobottka FC 633 | S34: 126.4 | T34: X | U34: 141.1 | V34: =M25 -> Marco Enferrujado | W34: =N25 -> Ferrugem Ultimate + Marco-FSA | X34: =S34-U34 -> -14.7 | Z34: E | AA34: AdShottta | AB34: Adshow17 F.C + Sobottka FC 633 | AC34: 6 | AD34: 2 | AE34: 0 | AF34: 1 | AG34: =SUM(S34,S36,S38) -> 509.26 | AH34: =SUM(U34,U36,U38) -> 492.92 | AI34: =AG34-AH34 -> 16.34 | AK34: E | AL34: AdShottta | AM34: Adshow17 F.C + Sobottka FC 633 | AN34: 6 | AO34: 2 | AP34: 0 | AQ34: 1 | AR34: 509.26 | AS34: 492.92 | AT34: 16.34
A35: 1 | B35: A Maleta de Dez Real | C35: Maletinhas F.C. + Deizão Futebol Clube | D35: 170.50 | M35: Rattaria Máxima | N35: Real Rattaria FC + Massiminismo FC | O35: G | Q35: =M23 -> O gordo e o tonto | R35: =N23 -> SC Ornaghi Paulista + ZAGO PRATIS FC | S35: 126.1 | T35: X | U35: 142.4 | V35: =M24 -> Chulé de Globetrotter | W35: =N24 -> Brabo Globetrotters + Schuletroll | X35: =S35-U35 -> -16.3 | Z35: E | AA35: O gordo e o tonto | AB35: SC Ornaghi Paulista + ZAGO PRATIS FC | AC35: 2 | AD35: 1 | AE35: 0 | AF35: 2 | AG35: =SUM(S35,S37,U38) -> 478.12 | AH35: =SUM(U35,U37,S38) -> 501.57 | AI35: =AG35-AH35 -> -23.45 | AK35: E | AL35: Chulé de Globetrotter | AM35: Brabo Globetrotters + Schuletroll | AN35: 5 | AO35: 2 | AP35: 0 | AQ35: 1 | AR35: 494.02 | AS35: 485.27 | AT35: 8.75
A36: 2 | B36: Pelicano do Egito | C36: Al Ahly Ecc + Pelicano Papada F.C | D36: 165.90 | Q36: =Q34 -> AdShottta | R36: =R34 -> Adshow17 F.C + Sobottka FC 633 | S36: 191.43 | T36: X | U36: 175.81 | V36: =V35 -> Chulé de Globetrotter | W36: =W35 -> Brabo Globetrotters + Schuletroll | X36: =S36-U36 -> 15.62 | Z36: E | AA36: Chulé de Globetrotter | AB36: Brabo Globetrotters + Schuletroll | AC36: 5 | AD36: 2 | AE36: 0 | AF36: 1 | AG36: =SUM(U35,U36,U39) -> 494.02 | AH36: =SUM(S35,S36,S39) -> 485.27 | AI36: =AG36-AH36 -> 8.75 | AK36: E | AL36: Marco Enferrujado | AM36: Ferrugem Ultimate + Marco-FSA | AN36: 5 | AO36: 1 | AP36: 0 | AQ36: 2 | AR36: 476.58 | AS36: 478.22 | AT36: -1.64
A37: 3 | B37: Porcos Parrudos | C37: PALM£IRAS S.E.P. + ParrudoS Team | D37: 159.60 | M37: Silas Mitagens | N37: Mitinga`s F.C + Silasbrs FC | O37: H | Q37: =Q35 -> O gordo e o tonto | R37: =R35 -> SC Ornaghi Paulista + ZAGO PRATIS FC | S37: 176.01 | T37: X | U37: 167.74 | V37: =V34 -> Marco Enferrujado | W37: =W34 -> Ferrugem Ultimate + Marco-FSA | X37: =S37-U37 -> 8.27 | Z37: E | AA37: Marco Enferrujado | AB37: Ferrugem Ultimate + Marco-FSA | AC37: 5 | AD37: 1 | AE37: 0 | AF37: 2 | AG37: =SUM(U34,U37,S39) -> 476.58 | AH37: =SUM(S34,S37,U39) -> 478.22 | AI37: =AG37-AH37 -> -1.64 | AK37: E | AL37: O gordo e o tonto | AM37: SC Ornaghi Paulista + ZAGO PRATIS FC | AN37: 2 | AO37: 1 | AP37: 0 | AQ37: 2 | AR37: 478.12 | AS37: 501.57 | AT37: -23.45
A38: 4 | B38: Tranquilidade Zicada | C38: Joga Tranquilo F.S. + SAY ZIKA | D38: 159.50 | M38: Mosby na Midola | N38: Mosby + Na Midola FC | O38: H | Q38: =Q34 -> AdShottta | R38: =R34 -> Adshow17 F.C + Sobottka FC 633 | S38: 191.43 | T38: X | U38: 176.01 | V38: =Q35 -> O gordo e o tonto | W38: =R35 -> SC Ornaghi Paulista + ZAGO PRATIS FC | X38: =S38-U38 -> 15.42
A39: 5 | B39: Garota de Marília | C39: Mariliense F.C + Ipanema13 | D39: 159.40 | M39: Ocram Wanderes | N39: Luket Wanderes fc + E.C. Ocram 5.6 | O39: H | Q39: =V34 -> Marco Enferrujado | R39: =W34 -> Ferrugem Ultimate + Marco-FSA | S39: 167.74 | T39: X | U39: 175.81 | V39: =V35 -> Chulé de Globetrotter | W39: =W35 -> Brabo Globetrotters + Schuletroll | X39: =S39-U39 -> -8.07
A40: 6 | B40: Debi e Loide | C40: TIMAO R.F.G + Gigantes Morumbi F.C | D40: 156.50 | M40: O Nascimento do Dibre | N40: Didibre FC + nascimento124 | O40: H
A41: 7 | B41: Rattaria Máxima | C41: Real Rattaria FC + Massiminismo FC | D41: 152.96 | T41: F | AC41: P | AD41: V | AE41: E | AF41: D | AG41: PP | AH41: PP | AI41: SALO | AN41: P | AO41: V | AP41: E | AQ41: D | AR41: PP | AS41: PP | AT41: SALO
A42: 8 | B42: Lovers | C42: Xuchélides + Pelicano Papada F.C | D42: 152.63 | Q42: =M27 -> Cala e Finja | R42: =N27 -> CalazansTeam + J.V.Finhani | S42: 147.3 | T42: X | U42: 152.63 | V42: =M30 -> Lovers | W42: =N30 -> Xuchélides + Pelicano Papada F.C | X42: =S42-U42 -> -5.33 | Z42: F | AA42: Cala e Finja | AB42: CalazansTeam + J.V.Finhani | AC42: 7 | AD42: 2 | AE42: 0 | AF42: 1 | AG42: =SUM(S42,S44,S46) -> 564.56 | AH42: =SUM(U42,U44,U46) -> 541.42 | AI42: =AG42-AH42 -> 23.14 | AK42: F | AL42: Cala e Finja | AM42: CalazansTeam + J.V.Finhani | AN42: 7 | AO42: 2 | AP42: 0 | AQ42: 1 | AR42: 564.56 | AS42: 541.42 | AT42: 23.14
A43: 9 | B43: A Bala do Allejo | C43: Juquitas FC + Allejo Team F.C | D43: 151.80 | Q43: =M28 -> Rato de Mala | R43: =N28 -> mala03fc + 08 Ratto FC | S43: 142.07 | T43: X | U43: 119.05 | V43: =M29 -> FeliSEP | W43: =N29 -> Tua mãe SEP + F.C Felicio F.C | X43: =S43-U43 -> 23.02 | Z43: F | AA43: Rato de Mala | AB43: mala03fc + 08 Ratto FC | AC43: 3 | AD43: 1 | AE43: 0 | AF43: 2 | AG43: =SUM(S43,S45,U46) -> 536.21 | AH43: =SUM(U43,U45,S46) -> 549.09 | AI43: =AG43-AH43 -> -12.88 | AK43: F | AL43: Lovers | AM43: Xuchélides + Pelicano Papada F.C | AN43: 5 | AO43: 2 | AP43: 0 | AQ43: 1 | AR43: 519.46 | AS43: 536.09 | AT43: -16.63
A44: 10 | B44: Almirobense | C44: Almi Jr. FC + Gabirobense | D44: 149.50 | Q44: =Q42 -> Cala e Finja | R44: =R42 -> CalazansTeam + J.V.Finhani | S44: 208.63 | T44: X | U44: 191.72 | V44: =V43 -> FeliSEP | W44: =W43 -> Tua mãe SEP + F.C Felicio F.C | X44: =S44-U44 -> 16.91 | Z44: F | AA44: FeliSEP | AB44: Tua mãe SEP + F.C Felicio F.C | AC44: 3 | AD44: 1 | AE44: 0 | AF44: 2 | AG44: =SUM(U43,U44,U47) -> 502.49 | AH44: =SUM(S43,S44,S47) -> 496.12 | AI44: =AG44-AH44 -> 6.37 | AK44: F | AL44: FeliSEP | AM44: Tua mãe SEP + F.C Felicio F.C | AN44: 3 | AO44: 1 | AP44: 0 | AQ44: 2 | AR44: 502.49 | AS44: 496.12 | AT44: 6.37
A45: 11 | B45: Tupis de Grajaú | C45: Grajaux City F.C. + Tupinianos FC | D45: 148.46 | Q45: =Q43 -> Rato de Mala | R45: =R43 -> mala03fc + 08 Ratto FC | S45: 197.07 | T45: X | U45: 221.41 | V45: =V42 -> Lovers | W45: =W42 -> Xuchélides + Pelicano Papada F.C | X45: =S45-U45 -> -24.34 | Z45: F | AA45: Lovers | AB45: Xuchélides + Pelicano Papada F.C | AC45: 5 | AD45: 2 | AE45: 0 | AF45: 1 | AG45: =SUM(U42,U45,S47) -> 519.46 | AH45: =SUM(S42,S45,U47) -> 536.09 | AI45: =AG45-AH45 -> -16.63 | AK45: F | AL45: Rato de Mala | AM45: mala03fc + 08 Ratto FC | AN45: 3 | AO45: 1 | AP45: 0 | AQ45: 2 | AR45: 536.21 | AS45: 549.09 | AT45: -12.88
A46: 12 | B46: Laranja Imensa | C46: SC Ornaghi Paulista + Bike Cristo | D46: 147.70 | Q46: =Q42 -> Cala e Finja | R46: =R42 -> CalazansTeam + J.V.Finhani | S46: 208.63 | T46: X | U46: 197.07 | V46: =Q43 -> Rato de Mala | W46: =R43 -> mala03fc + 08 Ratto FC | X46: =S46-U46 -> 11.56
A47: 13 | B47: Cala e Finja | C47: CalazansTeam + J.V.Finhani | D47: 147.30 | Q47: =V42 -> Lovers | R47: =W42 -> Xuchélides + Pelicano Papada F.C | S47: 145.42 | T47: X | U47: 191.72 | V47: =V43 -> FeliSEP | W47: =W43 -> Tua mãe SEP + F.C Felicio F.C | X47: =S47-U47 -> -46.3
A48: 14 | B48: Ocram Wanderes | C48: Luket Wanderes fc + E.C. Ocram 5.6 | D48: 142.50
A49: 15 | B49: Chulé de Globetrotter | C49: Brabo Globetrotters + Schuletroll | D49: 142.40 | T49: G | AC49: P | AD49: V | AE49: E | AF49: D | AG49: PP | AH49: PP | AI49: SALO | AN49: P | AO49: V | AP49: E | AQ49: D | AR49: PP | AS49: PP | AT49: SALO
A50: 16 | B50: Rato de Mala | C50: mala03fc + 08 Ratto FC | D50: 142.07 | Q50: =M32 -> Almirobense | R50: =N32 -> Almi Jr. FC + Gabirobense | S50: 149.5 | T50: X | U50: 152.96 | V50: =M35 -> Rattaria Máxima | W50: =N35 -> Real Rattaria FC + Massiminismo FC | X50: =S50-U50 -> -3.46 | Z50: G | AA50: Almirobense | AB50: Almi Jr. FC + Gabirobense | AC50: 2 | AD50: 0 | AE50: 0 | AF50: 3 | AG50: =SUM(S50,S52,S54) -> 546.44 | AH50: =SUM(U50,U52,U54) -> 592.52 | AI50: =AG50-AH50 -> -46.08 | AK50: G | AL50: A Maleta de Dez Real | AM50: Maletinhas F.C. + Deizão Futebol Clube | AN50: 8 | AO50: 2 | AP50: 0 | AQ50: 1 | AR50: 582.66 | AS50: 499.75 | AT50: 82.91
A51: 17 | B51: Marco Enferrujado | C51: Ferrugem Ultimate + Marco-FSA | D51: 141.10 | Q51: =M33 -> Reclame Aqui no Boteco | R51: =N33 -> Olimpingas Sport Club + Miss Procon Futebol Clube | S51: 140.2 | T51: X | U51: 170.5 | V51: =M34 -> A Maleta de Dez Real | W51: =N34 -> Maletinhas F.C. + Deizão Futebol Clube | X51: =S51-U51 -> -30.3 | Z51: G | AA51: Reclame Aqui no Boteco | AB51: Olimpingas Sport Club + Miss Procon Futebol Clube | AC51: 6 | AD51: 2 | AE51: 0 | AF51: 1 | AG51: =SUM(S51,S53,U54) -> 607.16 | AH51: =SUM(U51,U53,S54) -> 530.05 | AI51: =AG51-AH51 -> 77.11 | AK51: G | AL51: Reclame Aqui no Boteco | AM51: Olimpingas Sport Club + Miss Procon Futebol Clube | AN51: 6 | AO51: 2 | AP51: 0 | AQ51: 1 | AR51: 607.16 | AS51: 530.05 | AT51: 77.11
A52: 18 | B52: Reclame Aqui no Boteco | C52: Olimpingas Sport Club + Miss Procon Futebol Clube | D52: 140.20 | Q52: =Q50 -> Almirobense | R52: =R50 -> Almi Jr. FC + Gabirobense | S52: 198.47 | T52: X | U52: 206.08 | V52: =V51 -> A Maleta de Dez Real | W52: =W51 -> Maletinhas F.C. + Deizão Futebol Clube | X52: =S52-U52 -> -7.61 | Z52: G | AA52: A Maleta de Dez Real | AB52: Maletinhas F.C. + Deizão Futebol Clube | AC52: 8 | AD52: 3 | AE52: 0 | AF52: 0 | AG52: =SUM(U51,U52,U55) -> 582.66 | AH52: =SUM(S51,S52,S55) -> 499.75 | AI52: =AG52-AH52 -> 82.91 | AK52: G | AL52: Almirobense | AM52: Almi Jr. FC + Gabirobense | AN52: 2 | AO52: 0 | AP52: 0 | AQ52: 3 | AR52: 546.44 | AS52: 592.52 | AT52: -46.08
A53: 19 | B53: O véio e o vesgo | C53: ZAGO PRATIS FC + Bike Cristo | D53: 137.70 | Q53: =Q51 -> Reclame Aqui no Boteco | R53: =R51 -> Olimpingas Sport Club + Miss Procon Futebol Clube | S53: 233.48 | T53: X | U53: 161.08 | V53: =V50 -> Rattaria Máxima | W53: =W50 -> Real Rattaria FC + Massiminismo FC | X53: =S53-U53 -> 72.4 | Z53: G | AA53: Rattaria Máxima | AB53: Real Rattaria FC + Massiminismo FC | AC53: 1 | AD53: 0 | AE53: 0 | AF53: 3 | AG53: =SUM(U50,U53,S55) -> 475.12 | AH53: =SUM(S50,S53,U55) -> 589.06 | AI53: =AG53-AH53 -> -113.94 | AK53: G | AL53: Rattaria Máxima | AM53: Real Rattaria FC + Massiminismo FC | AN53: 2 | AO53: 1 | AP53: 0 | AQ53: 2 | AR53: 475.12 | AS53: 589.06 | AT53: -113.94
A54: 20 | B54: Mosby na Midola | C54: Mosby + Na Midola FC | D54: 137.70 | Q54: =Q50 -> Almirobense | R54: =R50 -> Almi Jr. FC + Gabirobense | S54: 198.47 | T54: X | U54: 233.48 | V54: =Q51 -> Reclame Aqui no Boteco | W54: =R51 -> Olimpingas Sport Club + Miss Procon Futebol Clube | X54: =S54-U54 -> -35.01
A55: 21 | B55: Globetrotters Frios e Calculistas | C55: Brabo Globetrotters + A D Peaky Blinders | D55: 135.95 | Q55: =V50 -> Rattaria Máxima | R55: =W50 -> Real Rattaria FC + Massiminismo FC | S55: 161.08 | T55: X | U55: 206.08 | V55: =V51 -> A Maleta de Dez Real | W55: =W51 -> Maletinhas F.C. + Deizão Futebol Clube | X55: =S55-U55 -> -45
A56: 22 | B56: Silas Mitagens | C56: Mitinga`s F.C + Silasbrs FC | D56: 135.60
A57: 23 | B57: Pano no Inferno | C57: Botafogo Hell + Hpano FC | D57: 134.00 | T57: H | AC57: P | AD57: V | AE57: E | AF57: D | AG57: PP | AH57: PP | AI57: SALO | AN57: P | AO57: V | AP57: E | AQ57: D | AR57: PP | AS57: PP | AT57: SALO
A58: 24 | B58: Sobrou o Dinizismo | C58: Diniz Santastico1 + SÓRRESTO | D58: 129.60 | Q58: =M37 -> Silas Mitagens | R58: =N37 -> Mitinga`s F.C + Silasbrs FC | S58: 135.6 | T58: X | U58: 98.79 | V58: =M40 -> O Nascimento do Dibre | W58: =N40 -> Didibre FC + nascimento124 | X58: =S58-U58 -> 36.81 | Z58: H | AA58: Silas Mitagens | AB58: Mitinga`s F.C + Silasbrs FC | AC58: 3 | AD58: 1 | AE58: 0 | AF58: 2 | AG58: =SUM(S58,S60,S62) -> 525.18 | AH58: =SUM(U58,U60,U62) -> 544.05 | AI58: =AG58-AH58 -> -18.87 | AK58: H | AL58: Ocram Wanderes | AM58: Luket Wanderes fc + E.C. Ocram 5.6 | AN58: 8 | AO58: 3 | AP58: 0 | AQ58: 0 | AR58: 556.66 | AS58: 494.02 | AT58: 62.64
A59: 25 | B59: Geja o Gol | C59: GEJA + Wedgol | D59: 126.70 | Q59: =M38 -> Mosby na Midola | R59: =N38 -> Mosby + Na Midola FC | S59: 137.7 | T59: X | U59: 142.5 | V59: =M39 -> Ocram Wanderes | W59: =N39 -> Luket Wanderes fc + E.C. Ocram 5.6 | X59: =S59-U59 -> -4.8 | Z59: H | AA59: Mosby na Midola | AB59: Mosby + Na Midola FC | AC59: 7 | AD59: 2 | AE59: 0 | AF59: 1 | AG59: =SUM(S59,S61,U62) -> 614.06 | AH59: =SUM(U59,U61,S62) -> 498.82 | AI59: =AG59-AH59 -> 115.24 | AK59: H | AL59: Mosby na Midola | AM59: Mosby + Na Midola FC | AN59: 7 | AO59: 2 | AP59: 0 | AQ59: 1 | AR59: 614.06 | AS59: 498.82 | AT59: 115.24
A60: 26 | B60: AdShottta | C60: Adshow17 F.C + Sobottka FC 633 | D60: 126.40 | Q60: =Q58 -> Silas Mitagens | R60: =R58 -> Mitinga`s F.C + Silasbrs FC | S60: 194.79 | T60: X | U60: 207.08 | V60: =V59 -> Ocram Wanderes | W60: =W59 -> Luket Wanderes fc + E.C. Ocram 5.6 | X60: =S60-U60 -> -12.29 | Z60: H | AA60: Ocram Wanderes | AB60: Luket Wanderes fc + E.C. Ocram 5.6 | AC60: 8 | AD60: 3 | AE60: 0 | AF60: 0 | AG60: =SUM(U59,U60,U63) -> 556.66 | AH60: =SUM(S59,S60,S63) -> 494.02 | AI60: =AG60-AH60 -> 62.64 | AK60: H | AL60: Silas Mitagens | AM60: Mitinga`s F.C + Silasbrs FC | AN60: 3 | AO60: 1 | AP60: 0 | AQ60: 2 | AR60: 525.18 | AS60: 544.05 | AT60: -18.87
A61: 27 | B61: O gordo e o tonto | C61: SC Ornaghi Paulista + ZAGO PRATIS FC | D61: 126.10 | Q61: =Q59 -> Mosby na Midola | R61: =R59 -> Mosby + Na Midola FC | S61: 238.18 | T61: X | U61: 161.53 | V61: =V58 -> O Nascimento do Dibre | W61: =W58 -> Didibre FC + nascimento124 | X61: =S61-U61 -> 76.65 | Z61: H | AA61: O Nascimento do Dibre | AB61: Didibre FC + nascimento124 | AC61: 0 | AD61: 0 | AE61: 0 | AF61: 3 | AG61: =SUM(U58,U61,S63) -> 421.85 | AH61: =SUM(S58,S61,U63) -> 580.86 | AI61: =AG61-AH61 -> -159.01 | AK61: H | AL61: O Nascimento do Dibre | AM61: Didibre FC + nascimento124 | AN61: 0 | AO61: 0 | AP61: 0 | AQ61: 3 | AR61: 421.85 | AS61: 580.86 | AT61: -159.01
A62: 28 | B62: Machadada no Mengo | C62: Machadotti1972 + Realmengo07 Fc | D62: 122.43 | Q62: =Q58 -> Silas Mitagens | R62: =R58 -> Mitinga`s F.C + Silasbrs FC | S62: 194.79 | T62: X | U62: 238.18 | V62: =Q59 -> Mosby na Midola | W62: =R59 -> Mosby + Na Midola FC | X62: =S62-U62 -> -43.39
A63: 29 | B63: FeliSEP | C63: Tua mãe SEP + F.C Felicio F.C | D63: 119.05 | Q63: =V58 -> O Nascimento do Dibre | R63: =W58 -> Didibre FC + nascimento124 | S63: 161.53 | T63: X | U63: 207.08 | V63: =V59 -> Ocram Wanderes | W63: =W59 -> Luket Wanderes fc + E.C. Ocram 5.6 | X63: =S63-U63 -> -45.55
A64: 30 | B64: Restos de Sanlutty | C64: FOI O QUE SOBROU + Sanlutty FC | D64: 112.80
A65: 31 | B65: O Nascimento do Dibre | C65: Didibre FC + nascimento124 | D65: 98.79
A66: 32 | B66: Burzandico | C66: Andico F.C + Burza F C | D66: 95.43

Sheet Planilha9
A1: 1 | B1: Tupis de Grajaú | C1: Grajaux City F.C. + Tupinianos FC | D1: 147.10 | F1: 1 | G1: Globetrotters Frios e Calculistas | H1: Brabo Globetrotters + A D Peaky Blinders | I1: 141.43 | M1: 1 | N1: Rato de Mala | O1: mala03fc + 08 Ratto FC | P1: 182.99
A2: 2 | B2: Globetrotters Frios e Calculistas | C2: Brabo Globetrotters + A D Peaky Blinders | D2: 134.38 | F2: 2 | G2: Marco Enferrujado | H2: Ferrugem Ultimate + Marco-FSA | I2: 134.65 | M2: 2 | N2: Chulé de Globetrotter | O2: Brabo Globetrotters + Schuletroll | P2: 169.68
A3: 3 | B3: Almirobense | C3: Almi Jr. FC + Gabirobense | D3: 133.20 | F3: 3 | G3: FeliSEP | H3: Tua mãe SEP + F.C Felicio F.C | I3: 130.38 | M3: 3 | N3: Pelicano do Egito | O3: Al Ahly Ecc + Pelicano Papada F.C | P3: 168.68
A4: 4 | B4: Rattaria Máxima | C4: Real Rattaria FC + Massiminismo FC | D4: 132.63 | F4: 4 | G4: Ocram Wanderes | H4: Luket Wanderes fc + E.C. Ocram 5.6 | I4: 128.60 | M4: 4 | N4: Rattaria Máxima | O4: Real Rattaria FC + Massiminismo FC | P4: 162.99
A5: 5 | B5: A Maleta de Dez Real | C5: Maletinhas F.C. + Deizão Futebol Clube | D5: 132.50 | F5: 5 | G5: Chulé de Globetrotter | H5: Brabo Globetrotters + Schuletroll | I5: 126.08 | M5: 5 | N5: Tranquilidade Zicada | O5: Joga Tranquilo F.S. + SAY ZIKA | P5: 162.46
A6: 6 | B6: FeliSEP | C6: Tua mãe SEP + F.C Felicio F.C | D6: 128.18 | F6: 6 | G6: Silas Mitagens | H6: Mitinga`s F.C + Silasbrs FC | I6: 125.58 | M6: 6 | N6: Pano no Inferno | O6: Botafogo Hell + Hpano FC | P6: 161.48
A7: 7 | B7: Debi e Loide | C7: TIMAO R.F.G + Gigantes Morumbi F.C | D7: 128.13 | F7: 7 | G7: Garota de Marília | H7: Mariliense F.C + Ipanema13 | I7: 122.24 | M7: 7 | N7: A Bala do Allejo | O7: Juquitas FC + Allejo Team F.C | P7: 160.12
A8: 8 | B8: AdShottta | C8: Adshow17 F.C + Sobottka FC 633 | D8: 127.68 | F8: 8 | G8: Reclame Aqui no Boteco | H8: Olimpingas Sport Club + Miss Procon Futebol Clube | I8: 117.20 | M8: 8 | N8: Porcos Parrudos | O8: PALM£IRAS S.E.P. + ParrudoS Team | P8: 159.06
A9: 9 | B9: Cala e Finja | C9: CalazansTeam + J.V.Finhani | D9: 124.70 | F9: 9 | G9: Rato de Mala | H9: mala03fc + 08 Ratto FC | I9: 117.00 | M9: 9 | N9: Lovers | O9: Xuchélides + Pelicano Papada F.C | P9: 158.08
A10: 10 | B10: Pano no Inferno | C10: Botafogo Hell + Hpano FC | D10: 123.36 | F10: 10 | G10: Lovers | H10: Xuchélides + Pelicano Papada F.C | I10: 116.35 | M10: 10 | N10: Debi e Loide | O10: TIMAO R.F.G + Gigantes Morumbi F.C | P10: 156.10
A11: 11 | B11: A Bala do Allejo | C11: Juquitas FC + Allejo Team F.C | D11: 120.33 | F11: 11 | G11: Rattaria Máxima | H11: Real Rattaria FC + Massiminismo FC | I11: 116.30 | M11: 11 | N11: Globetrotters Frios e Calculistas | O11: Brabo Globetrotters + A D Peaky Blinders | P11: 153.03
A12: 12 | B12: Tranquilidade Zicada | C12: Joga Tranquilo F.S. + SAY ZIKA | D12: 117.10 | F12: 12 | G12: Pelicano do Egito | H12: Al Ahly Ecc + Pelicano Papada F.C | I12: 115.87 | M12: 12 | N12: Burzandico | O12: Andico F.C + Burza F C | P12: 152.69
... A32: 32 | B32: Pelicano do Egito | C32: Al Ahly Ecc + Pelicano Papada F.C | D32: 91.23 | F32: 32 | G32: Mosby na Midola | H32: Mosby + Na Midola FC | I32: 62.50 | M32: 32 | N32: O gordo e o tonto | O32: SC Ornaghi Paulista + ZAGO PRATIS FC | P32: 112.14

Sheet Planilha5
A1: q | B1: g | F1: Rótulos de Linha | G1: Soma de g | J1: time | K1: id | L1: ano
A2: Didibre FC | B2: 1 | F2: 08 Ratto FC | G2: 1 | J2: 08 Ratto FC | K2: 1 | L2: 2026
A3: Na Midola FC | B3: 1 | F3: A D Peaky Blinders | G3: 1 | J3: A D Peaky Blinders | K3: 2 | L3: 2026
A4: Machadotti1972 | B4: 1 | F4: Adshow17 F.C | G4: 1 | J4: Adshow17 F.C | K4: 3 | L4: 2026
A5: Massiminismo FC | B5: 1 | F5: Al Ahly Ecc | G5: 1 | J5: Al Ahly Ecc | K5: 4 | L5: 2026
A6: GEJA | B6: 1 | F6: Allejo Team F.C | G6: 1 | J6: Allejo Team F.C | K6: 5 | L6: 2026
A7: Botafogo Hell | B7: 1 | F7: Almi Jr. FC | G7: 1 | J7: Almi Jr. FC | K7: 6 | L7: 2026
A8: CalazansTeam | B8: 1 | F8: Andico F.C | G8: 1 | J8: Andico F.C | K8: 7 | L8: 2026
A9: Andico F.C | B9: 1 | F9: Bike Cristo | G9: 2 | J9: Bike Cristo | K9: 8 | L9: 2026
A10: Joga Tranquilo F.S. | B10: 1 | F10: Botafogo Hell | G10: 1 | J10: Botafogo Hell | K10: 9 | L10: 2026
A11: Brabo Globetrotters | B11: 1 | F11: Brabo Globetrotters | G11: 2 | J11: Brabo Globetrotters | K11: 10 | L11: 2026
A12: Adshow17 F.C | B12: 1 | F12: Burza F C | G12: 1 | J12: Burza F C | K12: 11 | L12: 2026
A13: Ipanema13 | B13: 1 | F13: CalazansTeam | G13: 1 | J13: CalazansTeam | K13: 12 | L13: 2026
... A60: Xuchélides | B60: 1 | F60: ZAGO PRATIS FC | G60: 2 | J60: ZAGO PRATIS FC | K60: 59 | L60: 2026
A61: ZAGO PRATIS FC | B61: 1 | F61: Total Geral | G61: 64
A62: ZAGO PRATIS FC | B62: 1
A63: mala03fc | B63: 1
A64: Marco-FSA | B64: 1
A65: TIMAO R.F.G | B65: 1
